text,label
आज Reliance में बिकवाली का दबाव दिखा।,0
"रिपोर्ट्स के अनुसार, ICICI Bank par RBI ne strict action liya.",0
आज एचडीएफसी ke shares crash ho gaye!,0
मार्केट ओपन होते ही एचडीएफसी ki rating downgrade ki gayi!,0
इन्फोसिस के मुनाफे में भारी उछाल!,1
Reliance पर सेबी ने जुर्माना लगाया...,0
मार्केट ओपन होते ही Bharti Airtel ने बाजार को सपोर्ट किया,1
Experts ka manna hai ki HDFC Bank me bohot bekwali hui aaj!,0
आज एसबीआई ने बाजार को सपोर्ट किया।,1
आज Mahindra & Mahindra me panic selling dekhne ko mili...,0
Breaking: Sun Pharma में आज अच्छी खरीददारी दिखी...,1
मार्केट ओपन होते ही एसबीआई ki rating downgrade ki gayi.,0
Breaking: Infosys ने निवेशकों को मालामाल किया,1
आज इन्फोसिस के मुनाफे में भारी उछाल!,1
Reliance ने निवेशकों को मालामाल किया...,1
मार्केट ओपन होते ही ICICI Bank ki aamdani me bhot badhotri hui!,1
"रिपोर्ट्स के अनुसार, Reliance का मुनाफा 15% घट गया.",0
आज एसबीआई के मुनाफे में भारी उछाल!,1
मार्केट ओपन होते ही Adani Enterprises का मुनाफा 20% बढ़ा!,1
मार्केट ओपन होते ही Sun Pharma का मुनाफा 15% घट गया,0
एचडीएफसी में भारी गिरावट दर्ज की गई...,0
आज Bharti Airtel का मुनाफा 20% बढ़ा.,1
Breaking: एचडीएफसी में जबरदस्त तेजी देखने को मिली,1
आज TCS me panic selling dekhne ko mili,0
"रिपोर्ट्स के अनुसार, ICICI Bank me strong buying momentum hai।",1
ICICI Bank ke profit me acchi growth aayi.,1
मार्केट ओपन होते ही Reliance के Q3 नतीजे शानदार रहे!,1
Experts ka manna hai ki L&T को बड़ा प्रोजेक्ट मिला...,1
आज L&T me strong buying momentum hai।,1
"रिपोर्ट्स के अनुसार, SBI ke shares crash ho gaye",0
Tata Motors का मुनाफा 15% घट गया।,0
Experts ka manna hai ki HDFC Bank ने निवेशकों को मालामाल किया.,1
Breaking: Bharti Airtel me panic selling dekhne ko mili!,0
मार्केट ओपन होते ही Infosys ki rating downgrade ki gayi।,0
"रिपोर्ट्स के अनुसार, टाटा मोटर्स में भारी गिरावट दर्ज की गई।",0
Experts ka manna hai ki L&T का मुनाफा 15% घट गया!,0
आज L&T में जबरदस्त तेजी देखने को मिली.,1
Breaking: एसबीआई ko naya contract mila hai.,1
Mahindra & Mahindra me jabardast rally dekhi gayi।,1
Experts ka manna hai ki Maruti Suzuki पर सेबी ने जुर्माना लगाया.,0
Experts ka manna hai ki इन्फोसिस के शेयर लुढ़क गए!,0
"रिपोर्ट्स के अनुसार, TCS में आज अच्छी खरीददारी दिखी",1
"रिपोर्ट्स के अनुसार, SBI me panic selling dekhne ko mili.",0
मार्केट ओपन होते ही ICICI Bank के शेयर लुढ़क गए!,0
एसबीआई ke profit me acchi growth aayi...,1
रिलायंस का स्टॉक धड़ाम हो गया!,0
SBI ke results expectation se better aaye,1
SBI ki rating downgrade ki gayi!,0
आज Bajaj Finance ke profit me acchi growth aayi.,1
आज SBI का स्टॉक धड़ाम हो गया।,0
आज Bajaj Finance के तिमाही नतीजे बेहद खराब रहे,0
मार्केट ओपन होते ही Bharti Airtel का मुनाफा 15% घट गया...,0
Experts ka manna hai ki Bajaj Finance stock uppar gaya hai aaj...,1
"रिपोर्ट्स के अनुसार, एसबीआई ke shares crash ho gaye",0
मार्केट ओपन होते ही Infosys में जबरदस्त तेजी देखने को मिली.,1
आज TCS का स्टॉक धड़ाम हो गया...,0
Experts ka manna hai ki टाटा मोटर्स ki rating downgrade ki gayi!,0
"रिपोर्ट्स के अनुसार, इन्फोसिस me bohot bekwali hui aaj...",0
आज एसबीआई me jabardast rally dekhi gayi,1
मार्केट ओपन होते ही L&T me panic selling dekhne ko mili...,0
Reliance को बड़ा घाटा हुआ।,0
मार्केट ओपन होते ही टाटा मोटर्स me panic selling dekhne ko mili...,0
आज TCS ko naya contract mila hai,1
Breaking: Infosys ke results expectation se better aaye.,1
एचडीएफसी stock uppar gaya hai aaj,1
Experts ka manna hai ki Bharti Airtel ने बाजार को सपोर्ट किया.,1
L&T के शेयर लुढ़क गए!,0
Breaking: ITC ke shares crash ho gaye!,0
Sun Pharma को बड़ा प्रोजेक्ट मिला,1
Experts ka manna hai ki Maruti Suzuki के तिमाही नतीजे बेहद खराब रहे,0
Breaking: Bajaj Finance के Q3 नतीजे शानदार रहे.,1
मार्केट ओपन होते ही Infosys ki rating downgrade ki gayi.,0
मार्केट ओपन होते ही Sun Pharma ki rating downgrade ki gayi...,0
Experts ka manna hai ki TCS par RBI ne strict action liya.,0
आज Reliance में भारी गिरावट दर्ज की गई...,0
आज HDFC Bank ne 52-week high touch kiya!,1
मार्केट ओपन होते ही Tata Motors को भारी नुकसान हुआ।,0
आज एसबीआई का मुनाफा 20% बढ़ा.,1
मार्केट ओपन होते ही HDFC Bank ki aamdani me bhot badhotri hui.,1
आज टाटा मोटर्स ke profits gir gaye hain is quarter me...,0
आज ITC पर सेबी ने जुर्माना लगाया,0
Experts ka manna hai ki SBI का स्टॉक धड़ाम हो गया,0
आज ITC me jabardast rally dekhi gayi।,1
Breaking: TCS को बड़ा प्रोजेक्ट मिला।,1
Tata Motors ने निवेशकों को मालामाल किया...,1
Breaking: टाटा मोटर्स ke results disappointing the,0
मार्केट ओपन होते ही SBI me jabardast rally dekhi gayi।,1
Experts ka manna hai ki L&T me jabardast rally dekhi gayi।,1
Mahindra & Mahindra ki aamdani me bhot badhotri hui,1
मार्केट ओपन होते ही ITC ke results disappointing the.,0
आज Infosys में आज अच्छी खरीददारी दिखी...,1
"रिपोर्ट्स के अनुसार, Infosys ke profits gir gaye hain is quarter me!",0
Breaking: L&T में आज अच्छी खरीददारी दिखी...,1
आज Bharti Airtel का मुनाफा 20% बढ़ा...,1
HDFC Bank me strong buying momentum hai।,1
मार्केट ओपन होते ही रिलायंस का मुनाफा 20% बढ़ा,1
Breaking: TCS me bohot bekwali hui aaj...,0
Infosys me bohot bekwali hui aaj।,0
मार्केट ओपन होते ही Adani Enterprises का स्टॉक धड़ाम हो गया...,0
Reliance stock me lower circuit lag gaya.,0
Breaking: Tata Motors में आज अच्छी खरीददारी दिखी!,1
Mahindra & Mahindra का मुनाफा 20% बढ़ा।,1
मार्केट ओपन होते ही एसबीआई के तिमाही नतीजे बेहद खराब रहे.,0
"रिपोर्ट्स के अनुसार, SBI ke shares crash ho gaye.",0
आज ITC में भारी गिरावट दर्ज की गई.,0
Breaking: Sun Pharma me strong buying momentum hai!,1
Breaking: एचडीएफसी ke results disappointing the।,0
आज Infosys ke results expectation se better aaye,1
"रिपोर्ट्स के अनुसार, L&T ne 52-week high touch kiya",1
Experts ka manna hai ki इन्फोसिस ke shares crash ho gaye.,0
Breaking: रिलायंस पर सेबी ने जुर्माना लगाया...,0
Tata Motors के मुनाफे में भारी उछाल!,1
Breaking: Mahindra & Mahindra me panic selling dekhne ko mili.,0
आज Tata Motors ne 52-week high touch kiya...,1
आज इन्फोसिस में जबरदस्त तेजी देखने को मिली...,1
एचडीएफसी me jabardast rally dekhi gayi!,1
Experts ka manna hai ki Bharti Airtel me jabardast rally dekhi gayi...,1
आज एचडीएफसी me jabardast rally dekhi gayi.,1
Breaking: ITC ke results expectation se better aaye.,1
मार्केट ओपन होते ही इन्फोसिस ki rating downgrade ki gayi।,0
Breaking: एचडीएफसी ke results disappointing the.,0
मार्केट ओपन होते ही ITC ke profit me acchi growth aayi!,1
Bharti Airtel me panic selling dekhne ko mili.,0
Breaking: Mahindra & Mahindra के Q3 नतीजे शानदार रहे...,1
आज एसबीआई ki aamdani me bhot badhotri hui...,1
ICICI Bank par RBI ne strict action liya...,0
"रिपोर्ट्स के अनुसार, Tata Motors के तिमाही नतीजे बेहद खराब रहे...",0
SBI को बड़ा घाटा हुआ!,0
मार्केट ओपन होते ही Infosys के तिमाही नतीजे बेहद खराब रहे.,0
आज TCS stock me lower circuit lag gaya।,0
आज Reliance ke results expectation se better aaye...,1
SBI me jabardast rally dekhi gayi.,1
ICICI Bank me bohot bekwali hui aaj...,0
मार्केट ओपन होते ही Tata Motors me strong buying momentum hai!,1
SBI ne 52-week high touch kiya.,1
"रिपोर्ट्स के अनुसार, रिलायंस stock me lower circuit lag gaya।",0
"रिपोर्ट्स के अनुसार, Adani Enterprises का स्टॉक धड़ाम हो गया।",0
मार्केट ओपन होते ही Reliance par RBI ne strict action liya!,0
"रिपोर्ट्स के अनुसार, Adani Enterprises stock uppar gaya hai aaj.",1
"रिपोर्ट्स के अनुसार, Mahindra & Mahindra me bohot bekwali hui aaj!",0
Breaking: ITC ko naya contract mila hai.,1
एचडीएफसी me panic selling dekhne ko mili.,0
Breaking: ITC ke results disappointing the,0
मार्केट ओपन होते ही Mahindra & Mahindra का स्टॉक धड़ाम हो गया!,0
आज इन्फोसिस ke profit me acchi growth aayi,1
मार्केट ओपन होते ही Infosys ke shares crash ho gaye.,0
Experts ka manna hai ki SBI के शेयर रॉकेट बन गए.,1
Infosys का मुनाफा 20% बढ़ा!,1
एचडीएफसी के मुनाफे में भारी उछाल.,1
रिलायंस के तिमाही नतीजे बेहद खराब रहे,0
मार्केट ओपन होते ही टाटा मोटर्स के Q3 नतीजे शानदार रहे.,1
Experts ka manna hai ki SBI ने बाजार को सपोर्ट किया.,1
"रिपोर्ट्स के अनुसार, एचडीएफसी ke results disappointing the!",0
Infosys के शेयर रॉकेट बन गए।,1
"रिपोर्ट्स के अनुसार, Sun Pharma पर सेबी ने जुर्माना लगाया.",0
"रिपोर्ट्स के अनुसार, Sun Pharma में जबरदस्त तेजी देखने को मिली!",1
Experts ka manna hai ki रिलायंस में आज अच्छी खरीददारी दिखी।,1
Breaking: Adani Enterprises ke results expectation se better aaye,1
आज Sun Pharma के Q3 नतीजे शानदार रहे.,1
मार्केट ओपन होते ही एसबीआई में बिकवाली का दबाव दिखा,0
आज Reliance को भारी नुकसान हुआ,0
Maruti Suzuki par RBI ne strict action liya.,0
आज Sun Pharma ke results expectation se better aaye!,1
मार्केट ओपन होते ही ICICI Bank ki aamdani me bhot badhotri hui...,1
Breaking: Reliance ko naya contract mila hai,1
Breaking: Tata Motors के मुनाफे में भारी उछाल,1
आज L&T के शेयर रॉकेट बन गए!,1
TCS ki rating downgrade ki gayi।,0
Experts ka manna hai ki इन्फोसिस ko naya contract mila hai।,1
Bajaj Finance में जबरदस्त तेजी देखने को मिली।,1
"रिपोर्ट्स के अनुसार, Bajaj Finance ke shares crash ho gaye...",0
मार्केट ओपन होते ही Mahindra & Mahindra को बड़ा घाटा हुआ!,0
आज Bharti Airtel को भारी नुकसान हुआ।,0
मार्केट ओपन होते ही Bharti Airtel का मुनाफा 15% घट गया...,0
आज Infosys ke profit me acchi growth aayi...,1
आज Adani Enterprises ki aamdani me bhot badhotri hui...,1
"रिपोर्ट्स के अनुसार, ICICI Bank ke results disappointing the।",0
Sun Pharma me panic selling dekhne ko mili।,0
Reliance ke shares crash ho gaye,0
TCS का स्टॉक धड़ाम हो गया,0
आज इन्फोसिस me panic selling dekhne ko mili.,0
आज L&T ki aamdani me bhot badhotri hui,1
"रिपोर्ट्स के अनुसार, Maruti Suzuki के शेयर रॉकेट बन गए।",1
SBI ki rating downgrade ki gayi.,0
Breaking: Maruti Suzuki के तिमाही नतीजे बेहद खराब रहे!,0
आज एचडीएफसी ne 52-week high touch kiya.,1
Breaking: टाटा मोटर्स का मुनाफा 15% घट गया,0
Experts ka manna hai ki L&T par RBI ne strict action liya...,0
मार्केट ओपन होते ही इन्फोसिस को भारी नुकसान हुआ,0
Experts ka manna hai ki रिलायंस ke profits gir gaye hain is quarter me.,0
"रिपोर्ट्स के अनुसार, Bajaj Finance में आज अच्छी खरीददारी दिखी",1
Experts ka manna hai ki एसबीआई के Q3 नतीजे शानदार रहे...,1
"रिपोर्ट्स के अनुसार, रिलायंस par RBI ne strict action liya...",0
रिलायंस ke shares crash ho gaye...,0
"रिपोर्ट्स के अनुसार, इन्फोसिस में आज अच्छी खरीददारी दिखी.",1
Breaking: ITC ko naya contract mila hai!,1
आज Bharti Airtel ke results expectation se better aaye.,1
Breaking: TCS को बड़ा प्रोजेक्ट मिला।,1
Breaking: टाटा मोटर्स के Q3 नतीजे शानदार रहे,1
Adani Enterprises के शेयर लुढ़क गए.,0
"रिपोर्ट्स के अनुसार, Sun Pharma ke profit me acchi growth aayi.",1
Experts ka manna hai ki ICICI Bank का मुनाफा 20% बढ़ा।,1
Experts ka manna hai ki TCS ke shares crash ho gaye.,0
Breaking: Mahindra & Mahindra me strong buying momentum hai...,1
Maruti Suzuki ko naya contract mila hai,1
Breaking: रिलायंस par RBI ne strict action liya।,0
Breaking: ICICI Bank me panic selling dekhne ko mili!,0
आज Adani Enterprises me strong buying momentum hai.,1
मार्केट ओपन होते ही HDFC Bank पर सेबी ने जुर्माना लगाया।,0
Experts ka manna hai ki Mahindra & Mahindra stock uppar gaya hai aaj!,1
मार्केट ओपन होते ही Infosys me panic selling dekhne ko mili।,0
Experts ka manna hai ki Infosys के शेयर रॉकेट बन गए,1
मार्केट ओपन होते ही टाटा मोटर्स ke results expectation se better aaye!,1
मार्केट ओपन होते ही Sun Pharma के शेयर लुढ़क गए.,0
Experts ka manna hai ki Infosys ne 52-week high touch kiya.,1
मार्केट ओपन होते ही ICICI Bank का मुनाफा 20% बढ़ा...,1
Bharti Airtel का स्टॉक धड़ाम हो गया.,0
Maruti Suzuki के तिमाही नतीजे बेहद खराब रहे...,0
"रिपोर्ट्स के अनुसार, HDFC Bank ke profit me acchi growth aayi!",1
TCS ne 52-week high touch kiya।,1
TCS के मुनाफे में भारी उछाल.,1
"रिपोर्ट्स के अनुसार, टाटा मोटर्स में भारी गिरावट दर्ज की गई!",0
"रिपोर्ट्स के अनुसार, TCS के Q3 नतीजे शानदार रहे!",1
Maruti Suzuki के तिमाही नतीजे बेहद खराब रहे,0
"रिपोर्ट्स के अनुसार, Infosys को भारी नुकसान हुआ।",0
Experts ka manna hai ki HDFC Bank को बड़ा घाटा हुआ.,0
Breaking: Adani Enterprises me bohot bekwali hui aaj!,0
एसबीआई ke results expectation se better aaye...,1
"रिपोर्ट्स के अनुसार, इन्फोसिस में बिकवाली का दबाव दिखा।",0
"रिपोर्ट्स के अनुसार, एचडीएफसी के मुनाफे में भारी उछाल!",1
आज HDFC Bank का स्टॉक धड़ाम हो गया।,0
TCS का मुनाफा 20% बढ़ा।,1
मार्केट ओपन होते ही Tata Motors par RBI ne strict action liya.,0
Experts ka manna hai ki L&T par RBI ne strict action liya!,0
मार्केट ओपन होते ही ITC me jabardast rally dekhi gayi,1
मार्केट ओपन होते ही Bharti Airtel के शेयर रॉकेट बन गए,1
आज HDFC Bank me panic selling dekhne ko mili!,0
Experts ka manna hai ki HDFC Bank par RBI ne strict action liya!,0
"रिपोर्ट्स के अनुसार, Adani Enterprises में जबरदस्त तेजी देखने को मिली.",1
Breaking: ICICI Bank ke shares crash ho gaye...,0
मार्केट ओपन होते ही Infosys का मुनाफा 20% बढ़ा...,1
आज TCS ke results disappointing the...,0
Bharti Airtel ke results expectation se better aaye!,1
मार्केट ओपन होते ही Sun Pharma stock uppar gaya hai aaj!,1
Experts ka manna hai ki HDFC Bank के मुनाफे में भारी उछाल...,1
Breaking: रिलायंस ने बाजार को सपोर्ट किया.,1
आज L&T ने बाजार को सपोर्ट किया.,1
"रिपोर्ट्स के अनुसार, एचडीएफसी ke shares crash ho gaye.",0
रिलायंस का मुनाफा 20% बढ़ा।,1
"रिपोर्ट्स के अनुसार, TCS के Q3 नतीजे शानदार रहे!",1
Infosys में आज अच्छी खरीददारी दिखी!,1
मार्केट ओपन होते ही एसबीआई को बड़ा प्रोजेक्ट मिला...,1
मार्केट ओपन होते ही TCS ke profits gir gaye hain is quarter me।,0
"रिपोर्ट्स के अनुसार, Bajaj Finance me strong buying momentum hai",1
आज टाटा मोटर्स ke results disappointing the!,0
आज Maruti Suzuki में आज अच्छी खरीददारी दिखी।,1
Breaking: TCS को भारी नुकसान हुआ.,0
आज एसबीआई ki aamdani me bhot badhotri hui।,1
आज Bajaj Finance ko naya contract mila hai!,1
मार्केट ओपन होते ही Mahindra & Mahindra me panic selling dekhne ko mili!,0
Experts ka manna hai ki Bharti Airtel पर सेबी ने जुर्माना लगाया...,0
Breaking: TCS पर सेबी ने जुर्माना लगाया...,0
Experts ka manna hai ki रिलायंस par RBI ne strict action liya!,0
Breaking: Sun Pharma में बिकवाली का दबाव दिखा।,0
"रिपोर्ट्स के अनुसार, Infosys par RBI ne strict action liya।",0
मार्केट ओपन होते ही Bharti Airtel में बिकवाली का दबाव दिखा,0
Breaking: Tata Motors par RBI ne strict action liya,0
Breaking: ITC ने निवेशकों को मालामाल किया,1
Experts ka manna hai ki TCS ने बाजार को सपोर्ट किया।,1
आज Bajaj Finance stock me lower circuit lag gaya!,0
Breaking: Reliance को बड़ा घाटा हुआ,0
Experts ka manna hai ki Tata Motors me bohot bekwali hui aaj!,0
"रिपोर्ट्स के अनुसार, एसबीआई के मुनाफे में भारी उछाल",1
एसबीआई ke profit me acchi growth aayi!,1
Breaking: ITC के Q3 नतीजे शानदार रहे,1
"रिपोर्ट्स के अनुसार, Reliance ने निवेशकों को मालामाल किया.",1
आज L&T के तिमाही नतीजे बेहद खराब रहे!,0
Adani Enterprises के मुनाफे में भारी उछाल.,1
मार्केट ओपन होते ही Bharti Airtel me strong buying momentum hai.,1
Experts ka manna hai ki HDFC Bank को बड़ा घाटा हुआ!,0
आज इन्फोसिस के शेयर रॉकेट बन गए.,1
मार्केट ओपन होते ही TCS का मुनाफा 15% घट गया.,0
"रिपोर्ट्स के अनुसार, एसबीआई के मुनाफे में भारी उछाल।",1
Experts ka manna hai ki ITC में बिकवाली का दबाव दिखा,0
"रिपोर्ट्स के अनुसार, टाटा मोटर्स ne 52-week high touch kiya.",1
"रिपोर्ट्स के अनुसार, Bajaj Finance के तिमाही नतीजे बेहद खराब रहे",0
Breaking: TCS ko naya contract mila hai.,1
Breaking: टाटा मोटर्स के तिमाही नतीजे बेहद खराब रहे।,0
मार्केट ओपन होते ही L&T में भारी गिरावट दर्ज की गई!,0
TCS का मुनाफा 15% घट गया,0
आज HDFC Bank me jabardast rally dekhi gayi!,1
आज TCS ke results disappointing the...,0
Breaking: SBI ki aamdani me bhot badhotri hui!,1
HDFC Bank के मुनाफे में भारी उछाल...,1
Experts ka manna hai ki एचडीएफसी के Q3 नतीजे शानदार रहे...,1
"रिपोर्ट्स के अनुसार, एचडीएफसी में बिकवाली का दबाव दिखा!",0
मार्केट ओपन होते ही Infosys पर सेबी ने जुर्माना लगाया।,0
Breaking: Mahindra & Mahindra ne 52-week high touch kiya,1
मार्केट ओपन होते ही Maruti Suzuki का मुनाफा 20% बढ़ा,1
मार्केट ओपन होते ही HDFC Bank का मुनाफा 15% घट गया।,0
HDFC Bank me bohot bekwali hui aaj...,0
Adani Enterprises को भारी नुकसान हुआ.,0
रिलायंस में बिकवाली का दबाव दिखा.,0
आज HDFC Bank ke results disappointing the!,0
Experts ka manna hai ki इन्फोसिस ke results expectation se better aaye!,1
Breaking: Adani Enterprises ko naya contract mila hai.,1
Breaking: SBI ki rating downgrade ki gayi.,0
Breaking: Infosys को भारी नुकसान हुआ।,0
Experts ka manna hai ki ITC के Q3 नतीजे शानदार रहे!,1
Breaking: Bajaj Finance stock me lower circuit lag gaya।,0
मार्केट ओपन होते ही Reliance का स्टॉक धड़ाम हो गया!,0
आज इन्फोसिस को भारी नुकसान हुआ!,0
आज L&T के Q3 नतीजे शानदार रहे.,1
मार्केट ओपन होते ही Mahindra & Mahindra ke results disappointing the.,0
Infosys ke results expectation se better aaye...,1
एसबीआई par RBI ne strict action liya...,0
Bajaj Finance को बड़ा घाटा हुआ!,0
Breaking: Bharti Airtel ke shares crash ho gaye!,0
मार्केट ओपन होते ही Mahindra & Mahindra ne 52-week high touch kiya.,1
आज ITC ने निवेशकों को मालामाल किया।,1
इन्फोसिस में भारी गिरावट दर्ज की गई.,0
Breaking: रिलायंस me jabardast rally dekhi gayi,1
"रिपोर्ट्स के अनुसार, ITC par RBI ne strict action liya।",0
Experts ka manna hai ki SBI में आज अच्छी खरीददारी दिखी,1
Experts ka manna hai ki ITC ke results expectation se better aaye,1
Breaking: L&T ne 52-week high touch kiya.,1
Reliance को बड़ा घाटा हुआ!,0
"रिपोर्ट्स के अनुसार, SBI के शेयर लुढ़क गए!",0
"रिपोर्ट्स के अनुसार, एसबीआई stock me lower circuit lag gaya.",0
Sun Pharma me bohot bekwali hui aaj...,0
"रिपोर्ट्स के अनुसार, Bajaj Finance का स्टॉक धड़ाम हो गया।",0
Sun Pharma ko naya contract mila hai...,1
आज ITC par RBI ne strict action liya.,0
Experts ka manna hai ki रिलायंस ke results disappointing the...,0
इन्फोसिस का मुनाफा 20% बढ़ा.,1
आज L&T ko naya contract mila hai,1
मार्केट ओपन होते ही एसबीआई का मुनाफा 15% घट गया,0
Breaking: रिलायंस stock me lower circuit lag gaya!,0
Infosys ki rating downgrade ki gayi...,0
Breaking: Sun Pharma par RBI ne strict action liya।,0
Breaking: ITC को बड़ा घाटा हुआ...,0
मार्केट ओपन होते ही Bajaj Finance में भारी गिरावट दर्ज की गई...,0
Breaking: एसबीआई का मुनाफा 15% घट गया...,0
"रिपोर्ट्स के अनुसार, HDFC Bank stock me lower circuit lag gaya...",0
"रिपोर्ट्स के अनुसार, Reliance को भारी नुकसान हुआ।",0
"रिपोर्ट्स के अनुसार, Maruti Suzuki में आज अच्छी खरीददारी दिखी",1
"रिपोर्ट्स के अनुसार, Adani Enterprises me strong buying momentum hai...",1
एचडीएफसी ki rating downgrade ki gayi.,0
मार्केट ओपन होते ही L&T ने निवेशकों को मालामाल किया।,1
Breaking: Mahindra & Mahindra me strong buying momentum hai...,1
Breaking: इन्फोसिस के शेयर रॉकेट बन गए...,1
आज Reliance ke results disappointing the!,0
Breaking: Bajaj Finance में बिकवाली का दबाव दिखा...,0
Breaking: Infosys ki rating downgrade ki gayi...,0
Breaking: टाटा मोटर्स ki rating downgrade ki gayi!,0
Infosys me panic selling dekhne ko mili.,0
मार्केट ओपन होते ही Bajaj Finance के तिमाही नतीजे बेहद खराब रहे!,0
मार्केट ओपन होते ही TCS के मुनाफे में भारी उछाल,1
आज ICICI Bank me jabardast rally dekhi gayi...,1
Infosys के मुनाफे में भारी उछाल...,1
Breaking: Bajaj Finance ने बाजार को सपोर्ट किया।,1
मार्केट ओपन होते ही Bajaj Finance ke profit me acchi growth aayi!,1
Maruti Suzuki का मुनाफा 15% घट गया.,0
"रिपोर्ट्स के अनुसार, Mahindra & Mahindra ke profit me acchi growth aayi।",1
"रिपोर्ट्स के अनुसार, Infosys का मुनाफा 20% बढ़ा.",1
Maruti Suzuki ने निवेशकों को मालामाल किया.,1
मार्केट ओपन होते ही इन्फोसिस में भारी गिरावट दर्ज की गई.,0
Breaking: टाटा मोटर्स में आज अच्छी खरीददारी दिखी।,1
Experts ka manna hai ki SBI ne 52-week high touch kiya!,1
मार्केट ओपन होते ही TCS ke profit me acchi growth aayi...,1
Experts ka manna hai ki Bajaj Finance को बड़ा प्रोजेक्ट मिला!,1
Adani Enterprises का मुनाफा 20% बढ़ा.,1
आज Bajaj Finance ke shares crash ho gaye!,0
मार्केट ओपन होते ही टाटा मोटर्स me panic selling dekhne ko mili,0
आज एचडीएफसी में आज अच्छी खरीददारी दिखी।,1
इन्फोसिस को बड़ा प्रोजेक्ट मिला!,1
ITC में बिकवाली का दबाव दिखा.,0
मार्केट ओपन होते ही एचडीएफसी के तिमाही नतीजे बेहद खराब रहे!,0
"रिपोर्ट्स के अनुसार, Tata Motors को बड़ा प्रोजेक्ट मिला...",1
Sun Pharma के Q3 नतीजे शानदार रहे...,1
आज Adani Enterprises me strong buying momentum hai।,1
Experts ka manna hai ki Mahindra & Mahindra me strong buying momentum hai.,1
इन्फोसिस के मुनाफे में भारी उछाल.,1
आज Tata Motors stock uppar gaya hai aaj!,1
आज HDFC Bank me bohot bekwali hui aaj.,0
मार्केट ओपन होते ही Tata Motors के तिमाही नतीजे बेहद खराब रहे,0
"रिपोर्ट्स के अनुसार, SBI का मुनाफा 15% घट गया",0
मार्केट ओपन होते ही Maruti Suzuki के मुनाफे में भारी उछाल.,1
Adani Enterprises में आज अच्छी खरीददारी दिखी!,1
मार्केट ओपन होते ही एचडीएफसी के Q3 नतीजे शानदार रहे,1
Breaking: L&T ने निवेशकों को मालामाल किया!,1
Experts ka manna hai ki Reliance का मुनाफा 15% घट गया!,0
Experts ka manna hai ki HDFC Bank par RBI ne strict action liya!,0
Bharti Airtel ke profits gir gaye hain is quarter me।,0
"रिपोर्ट्स के अनुसार, टाटा मोटर्स को बड़ा प्रोजेक्ट मिला...",1
आज Tata Motors के शेयर लुढ़क गए।,0
इन्फोसिस ke profit me acchi growth aayi.,1
आज Infosys का स्टॉक धड़ाम हो गया।,0
एसबीआई के मुनाफे में भारी उछाल।,1
मार्केट ओपन होते ही एचडीएफसी ने निवेशकों को मालामाल किया।,1
मार्केट ओपन होते ही Maruti Suzuki ke profits gir gaye hain is quarter me।,0
Breaking: L&T को बड़ा प्रोजेक्ट मिला।,1
Breaking: Adani Enterprises पर सेबी ने जुर्माना लगाया,0
आज L&T का मुनाफा 20% बढ़ा!,1
Tata Motors ki rating downgrade ki gayi,0
HDFC Bank stock uppar gaya hai aaj।,1
एसबीआई ke shares crash ho gaye!,0
"रिपोर्ट्स के अनुसार, ITC ki aamdani me bhot badhotri hui.",1
Breaking: एचडीएफसी ke profits gir gaye hain is quarter me,0
मार्केट ओपन होते ही Bajaj Finance me strong buying momentum hai,1
एसबीआई ke shares crash ho gaye...,0
मार्केट ओपन होते ही Reliance का मुनाफा 15% घट गया!,0
मार्केट ओपन होते ही रिलायंस ko naya contract mila hai...,1
Experts ka manna hai ki एसबीआई stock uppar gaya hai aaj!,1
Breaking: Mahindra & Mahindra ki rating downgrade ki gayi।,0
आज Maruti Suzuki में जबरदस्त तेजी देखने को मिली...,1
आज Infosys में आज अच्छी खरीददारी दिखी,1
Breaking: एचडीएफसी को भारी नुकसान हुआ।,0
Experts ka manna hai ki Bajaj Finance stock uppar gaya hai aaj...,1
मार्केट ओपन होते ही Bajaj Finance का मुनाफा 20% बढ़ा,1
Breaking: टाटा मोटर्स में बिकवाली का दबाव दिखा.,0
आज टाटा मोटर्स stock me lower circuit lag gaya.,0
Experts ka manna hai ki Tata Motors me bohot bekwali hui aaj!,0
Breaking: टाटा मोटर्स stock uppar gaya hai aaj!,1
Experts ka manna hai ki एसबीआई ke results expectation se better aaye!,1
Experts ka manna hai ki एचडीएफसी me panic selling dekhne ko mili!,0
आज Tata Motors stock uppar gaya hai aaj.,1
Experts ka manna hai ki Bharti Airtel को भारी नुकसान हुआ।,0
Sun Pharma के मुनाफे में भारी उछाल!,1
Breaking: SBI के Q3 नतीजे शानदार रहे...,1
आज ICICI Bank के मुनाफे में भारी उछाल...,1
L&T ne 52-week high touch kiya।,1
Experts ka manna hai ki टाटा मोटर्स stock me lower circuit lag gaya!,0
"रिपोर्ट्स के अनुसार, Infosys ki aamdani me bhot badhotri hui",1
"रिपोर्ट्स के अनुसार, एचडीएफसी me jabardast rally dekhi gayi",1
Breaking: Adani Enterprises को बड़ा प्रोजेक्ट मिला!,1
एसबीआई me jabardast rally dekhi gayi।,1
Infosys stock me lower circuit lag gaya।,0
Experts ka manna hai ki HDFC Bank के शेयर रॉकेट बन गए।,1
आज ICICI Bank ki aamdani me bhot badhotri hui।,1
इन्फोसिस को बड़ा प्रोजेक्ट मिला।,1
"रिपोर्ट्स के अनुसार, Maruti Suzuki के तिमाही नतीजे बेहद खराब रहे।",0
Experts ka manna hai ki ICICI Bank के शेयर रॉकेट बन गए!,1
Experts ka manna hai ki Sun Pharma पर सेबी ने जुर्माना लगाया!,0
Experts ka manna hai ki TCS के शेयर रॉकेट बन गए.,1
Breaking: ICICI Bank के शेयर रॉकेट बन गए...,1
आज Reliance ke shares crash ho gaye...,0
आज रिलायंस में भारी गिरावट दर्ज की गई,0
"रिपोर्ट्स के अनुसार, Maruti Suzuki ke shares crash ho gaye",0
Breaking: Adani Enterprises me panic selling dekhne ko mili!,0
"रिपोर्ट्स के अनुसार, Tata Motors में बिकवाली का दबाव दिखा!",0
मार्केट ओपन होते ही Infosys के Q3 नतीजे शानदार रहे,1
मार्केट ओपन होते ही इन्फोसिस के मुनाफे में भारी उछाल.,1
"रिपोर्ट्स के अनुसार, Bharti Airtel को बड़ा प्रोजेक्ट मिला...",1
Experts ka manna hai ki Bajaj Finance में जबरदस्त तेजी देखने को मिली.,1
"रिपोर्ट्स के अनुसार, SBI में भारी गिरावट दर्ज की गई.",0
Breaking: Tata Motors stock me lower circuit lag gaya।,0
"रिपोर्ट्स के अनुसार, Tata Motors पर सेबी ने जुर्माना लगाया...",0
टाटा मोटर्स को बड़ा घाटा हुआ...,0
"रिपोर्ट्स के अनुसार, SBI को भारी नुकसान हुआ!",0
मार्केट ओपन होते ही ICICI Bank का स्टॉक धड़ाम हो गया...,0
Breaking: एसबीआई ने निवेशकों को मालामाल किया.,1
आज ITC me jabardast rally dekhi gayi,1
Experts ka manna hai ki Mahindra & Mahindra ke shares crash ho gaye!,0
मार्केट ओपन होते ही HDFC Bank me bohot bekwali hui aaj...,0
ICICI Bank के शेयर लुढ़क गए.,0
Sun Pharma में बिकवाली का दबाव दिखा,0
Infosys ne 52-week high touch kiya...,1
मार्केट ओपन होते ही ICICI Bank ke profit me acchi growth aayi,1
"रिपोर्ट्स के अनुसार, TCS में बिकवाली का दबाव दिखा.",0
"रिपोर्ट्स के अनुसार, Bajaj Finance में भारी गिरावट दर्ज की गई",0
"रिपोर्ट्स के अनुसार, रिलायंस par RBI ne strict action liya!",0
Experts ka manna hai ki रिलायंस में भारी गिरावट दर्ज की गई!,0
"रिपोर्ट्स के अनुसार, L&T पर सेबी ने जुर्माना लगाया।",0
आज रिलायंस me jabardast rally dekhi gayi,1
मार्केट ओपन होते ही Sun Pharma के शेयर लुढ़क गए,0
Experts ka manna hai ki Maruti Suzuki par RBI ne strict action liya...,0
"रिपोर्ट्स के अनुसार, Infosys ki aamdani me bhot badhotri hui.",1
मार्केट ओपन होते ही Bharti Airtel में जबरदस्त तेजी देखने को मिली...,1
मार्केट ओपन होते ही टाटा मोटर्स के शेयर लुढ़क गए...,0
Mahindra & Mahindra पर सेबी ने जुर्माना लगाया।,0
Breaking: रिलायंस पर सेबी ने जुर्माना लगाया,0
"रिपोर्ट्स के अनुसार, Mahindra & Mahindra ki aamdani me bhot badhotri hui...",1
आज Maruti Suzuki में बिकवाली का दबाव दिखा.,0
आज Bajaj Finance के Q3 नतीजे शानदार रहे.,1
मार्केट ओपन होते ही एचडीएफसी के शेयर रॉकेट बन गए...,1
"रिपोर्ट्स के अनुसार, TCS में भारी गिरावट दर्ज की गई.",0
"रिपोर्ट्स के अनुसार, इन्फोसिस ki rating downgrade ki gayi।",0
"रिपोर्ट्स के अनुसार, एसबीआई ke profit me acchi growth aayi.",1
मार्केट ओपन होते ही Adani Enterprises me strong buying momentum hai.,1
SBI को बड़ा प्रोजेक्ट मिला.,1
Breaking: L&T को भारी नुकसान हुआ...,0
Breaking: ICICI Bank के Q3 नतीजे शानदार रहे.,1
Breaking: ICICI Bank ki rating downgrade ki gayi!,0
Breaking: इन्फोसिस में जबरदस्त तेजी देखने को मिली!,1
Breaking: रिलायंस ke results expectation se better aaye...,1
"रिपोर्ट्स के अनुसार, TCS me strong buying momentum hai.",1
Sun Pharma का स्टॉक धड़ाम हो गया...,0
Sun Pharma में भारी गिरावट दर्ज की गई।,0
Experts ka manna hai ki इन्फोसिस ke results expectation se better aaye!,1
एचडीएफसी में बिकवाली का दबाव दिखा!,0
Experts ka manna hai ki Maruti Suzuki पर सेबी ने जुर्माना लगाया,0
मार्केट ओपन होते ही ICICI Bank me jabardast rally dekhi gayi!,1
आज एसबीआई me bohot bekwali hui aaj...,0
मार्केट ओपन होते ही Reliance का स्टॉक धड़ाम हो गया...,0
आज HDFC Bank के Q3 नतीजे शानदार रहे...,1
मार्केट ओपन होते ही Infosys में आज अच्छी खरीददारी दिखी.,1
Breaking: Maruti Suzuki पर सेबी ने जुर्माना लगाया!,0
Breaking: टाटा मोटर्स ने निवेशकों को मालामाल किया...,1
HDFC Bank का स्टॉक धड़ाम हो गया...,0
"रिपोर्ट्स के अनुसार, Infosys में भारी गिरावट दर्ज की गई।",0
मार्केट ओपन होते ही Bharti Airtel ko naya contract mila hai...,1
मार्केट ओपन होते ही Maruti Suzuki के शेयर रॉकेट बन गए...,1
Breaking: इन्फोसिस में जबरदस्त तेजी देखने को मिली!,1
Breaking: Reliance ke results expectation se better aaye,1
आज Bajaj Finance के Q3 नतीजे शानदार रहे...,1
Experts ka manna hai ki Tata Motors को भारी नुकसान हुआ,0
Breaking: ITC में बिकवाली का दबाव दिखा.,0
मार्केट ओपन होते ही SBI में जबरदस्त तेजी देखने को मिली...,1
Breaking: Maruti Suzuki ke profit me acchi growth aayi,1
मार्केट ओपन होते ही ITC ne 52-week high touch kiya!,1
"रिपोर्ट्स के अनुसार, Mahindra & Mahindra ko naya contract mila hai",1
Breaking: रिलायंस ने निवेशकों को मालामाल किया!,1
Breaking: रिलायंस को भारी नुकसान हुआ!,0
आज Bharti Airtel के मुनाफे में भारी उछाल,1
मार्केट ओपन होते ही Tata Motors के शेयर लुढ़क गए,0
Experts ka manna hai ki HDFC Bank ki aamdani me bhot badhotri hui।,1
मार्केट ओपन होते ही ITC ki aamdani me bhot badhotri hui!,1
Breaking: एचडीएफसी को भारी नुकसान हुआ,0
TCS का स्टॉक धड़ाम हो गया,0
Experts ka manna hai ki इन्फोसिस में बिकवाली का दबाव दिखा।,0
Experts ka manna hai ki Bharti Airtel ke profit me acchi growth aayi।,1
"रिपोर्ट्स के अनुसार, Tata Motors ke results expectation se better aaye",1
मार्केट ओपन होते ही Mahindra & Mahindra ne 52-week high touch kiya!,1
Breaking: Infosys को बड़ा घाटा हुआ।,0
"रिपोर्ट्स के अनुसार, Maruti Suzuki के तिमाही नतीजे बेहद खराब रहे!",0
"रिपोर्ट्स के अनुसार, Sun Pharma ko naya contract mila hai.",1
Experts ka manna hai ki Infosys par RBI ne strict action liya,0
Breaking: Adani Enterprises me panic selling dekhne ko mili.,0
Experts ka manna hai ki ICICI Bank stock uppar gaya hai aaj।,1
"रिपोर्ट्स के अनुसार, Adani Enterprises ke profits gir gaye hain is quarter me.",0
"रिपोर्ट्स के अनुसार, Tata Motors ne 52-week high touch kiya!",1
आज Sun Pharma का मुनाफा 20% बढ़ा!,1
आज रिलायंस ko naya contract mila hai.,1
Maruti Suzuki के तिमाही नतीजे बेहद खराब रहे।,0
Experts ka manna hai ki Bajaj Finance में भारी गिरावट दर्ज की गई...,0
आज Maruti Suzuki stock me lower circuit lag gaya...,0
आज Tata Motors ki rating downgrade ki gayi...,0
मार्केट ओपन होते ही Infosys का स्टॉक धड़ाम हो गया।,0
Infosys ki rating downgrade ki gayi।,0
Breaking: Sun Pharma stock me lower circuit lag gaya।,0
मार्केट ओपन होते ही रिलायंस के तिमाही नतीजे बेहद खराब रहे,0
Adani Enterprises में आज अच्छी खरीददारी दिखी.,1
Experts ka manna hai ki रिलायंस stock me lower circuit lag gaya...,0
HDFC Bank में बिकवाली का दबाव दिखा...,0
इन्फोसिस ne 52-week high touch kiya!,1
आज Bharti Airtel ke profit me acchi growth aayi...,1
"रिपोर्ट्स के अनुसार, HDFC Bank ki rating downgrade ki gayi।",0
"रिपोर्ट्स के अनुसार, L&T में जबरदस्त तेजी देखने को मिली...",1
आज ICICI Bank ke profits gir gaye hain is quarter me!,0
Experts ka manna hai ki टाटा मोटर्स पर सेबी ने जुर्माना लगाया.,0
"रिपोर्ट्स के अनुसार, Adani Enterprises में बिकवाली का दबाव दिखा.",0
Breaking: Bajaj Finance ke profits gir gaye hain is quarter me!,0
मार्केट ओपन होते ही टाटा मोटर्स me jabardast rally dekhi gayi,1
Breaking: Sun Pharma में भारी गिरावट दर्ज की गई.,0
Experts ka manna hai ki ITC को भारी नुकसान हुआ...,0
मार्केट ओपन होते ही एसबीआई ko naya contract mila hai!,1
Breaking: TCS ki aamdani me bhot badhotri hui...,1
Experts ka manna hai ki HDFC Bank के मुनाफे में भारी उछाल.,1
Breaking: Bajaj Finance के तिमाही नतीजे बेहद खराब रहे।,0
आज Bajaj Finance में जबरदस्त तेजी देखने को मिली.,1
Bharti Airtel ki aamdani me bhot badhotri hui...,1
मार्केट ओपन होते ही SBI stock me lower circuit lag gaya।,0
मार्केट ओपन होते ही L&T ne 52-week high touch kiya!,1
TCS पर सेबी ने जुर्माना लगाया...,0
आज Sun Pharma ke results disappointing the,0
आज Mahindra & Mahindra me panic selling dekhne ko mili...,0
"रिपोर्ट्स के अनुसार, Bajaj Finance का मुनाफा 15% घट गया!",0
मार्केट ओपन होते ही रिलायंस ke results expectation se better aaye...,1
"रिपोर्ट्स के अनुसार, ICICI Bank को भारी नुकसान हुआ.",0
"रिपोर्ट्स के अनुसार, Mahindra & Mahindra ne 52-week high touch kiya",1
मार्केट ओपन होते ही Bajaj Finance stock uppar gaya hai aaj,1
Sun Pharma का मुनाफा 15% घट गया.,0
Experts ka manna hai ki TCS ke profits gir gaye hain is quarter me!,0
Experts ka manna hai ki HDFC Bank ne 52-week high touch kiya.,1
आज SBI me bohot bekwali hui aaj।,0
"रिपोर्ट्स के अनुसार, TCS ne 52-week high touch kiya.",1
Bajaj Finance का मुनाफा 15% घट गया,0
Breaking: Sun Pharma को भारी नुकसान हुआ,0
"रिपोर्ट्स के अनुसार, इन्फोसिस के मुनाफे में भारी उछाल।",1
इन्फोसिस stock me lower circuit lag gaya...,0
Experts ka manna hai ki Reliance ko naya contract mila hai!,1
Experts ka manna hai ki Mahindra & Mahindra का मुनाफा 20% बढ़ा...,1
Experts ka manna hai ki Mahindra & Mahindra ने बाजार को सपोर्ट किया.,1
आज एसबीआई ke profits gir gaye hain is quarter me।,0
आज Adani Enterprises के तिमाही नतीजे बेहद खराब रहे.,0
"रिपोर्ट्स के अनुसार, Infosys stock uppar gaya hai aaj...",1
Breaking: HDFC Bank ने निवेशकों को मालामाल किया।,1
Bajaj Finance पर सेबी ने जुर्माना लगाया,0
आज SBI में आज अच्छी खरीददारी दिखी!,1
आज L&T पर सेबी ने जुर्माना लगाया,0
मार्केट ओपन होते ही TCS को भारी नुकसान हुआ।,0
Experts ka manna hai ki Maruti Suzuki ने निवेशकों को मालामाल किया।,1
"रिपोर्ट्स के अनुसार, Reliance को भारी नुकसान हुआ।",0
मार्केट ओपन होते ही Reliance में आज अच्छी खरीददारी दिखी।,1
Experts ka manna hai ki एचडीएफसी me panic selling dekhne ko mili,0
Breaking: एसबीआई को भारी नुकसान हुआ!,0
Maruti Suzuki को बड़ा प्रोजेक्ट मिला!,1
मार्केट ओपन होते ही इन्फोसिस को बड़ा प्रोजेक्ट मिला,1
"रिपोर्ट्स के अनुसार, ITC के शेयर लुढ़क गए.",0
मार्केट ओपन होते ही एसबीआई के मुनाफे में भारी उछाल.,1
"रिपोर्ट्स के अनुसार, Maruti Suzuki का मुनाफा 20% बढ़ा।",1
Experts ka manna hai ki Reliance के Q3 नतीजे शानदार रहे!,1
इन्फोसिस को भारी नुकसान हुआ,0
"रिपोर्ट्स के अनुसार, Adani Enterprises me bohot bekwali hui aaj.",0
Breaking: Mahindra & Mahindra ke results expectation se better aaye.,1
Bharti Airtel को भारी नुकसान हुआ,0
Breaking: Mahindra & Mahindra को भारी नुकसान हुआ!,0
Experts ka manna hai ki SBI का मुनाफा 20% बढ़ा।,1
मार्केट ओपन होते ही Adani Enterprises में भारी गिरावट दर्ज की गई...,0
आज Infosys के शेयर लुढ़क गए!,0
Breaking: Mahindra & Mahindra में बिकवाली का दबाव दिखा!,0
एचडीएफसी में जबरदस्त तेजी देखने को मिली.,1
मार्केट ओपन होते ही टाटा मोटर्स ke profit me acchi growth aayi,1
मार्केट ओपन होते ही टाटा मोटर्स में जबरदस्त तेजी देखने को मिली।,1
"रिपोर्ट्स के अनुसार, रिलायंस ke profit me acchi growth aayi!",1
एचडीएफसी ke profit me acchi growth aayi...,1
मार्केट ओपन होते ही Sun Pharma का मुनाफा 20% बढ़ा।,1
Experts ka manna hai ki Adani Enterprises me bohot bekwali hui aaj!,0
Experts ka manna hai ki Adani Enterprises ke profits gir gaye hain is quarter me।,0
रिलायंस के मुनाफे में भारी उछाल!,1
Breaking: एसबीआई को बड़ा घाटा हुआ,0
Experts ka manna hai ki रिलायंस par RBI ne strict action liya.,0
"रिपोर्ट्स के अनुसार, Maruti Suzuki ke profit me acchi growth aayi।",1
TCS का मुनाफा 15% घट गया...,0
Bharti Airtel ko naya contract mila hai,1
मार्केट ओपन होते ही इन्फोसिस को भारी नुकसान हुआ,0
आज Sun Pharma के तिमाही नतीजे बेहद खराब रहे...,0
आज L&T में बिकवाली का दबाव दिखा.,0
मार्केट ओपन होते ही Mahindra & Mahindra के शेयर रॉकेट बन गए,1
Breaking: TCS ने बाजार को सपोर्ट किया!,1
Experts ka manna hai ki Adani Enterprises को भारी नुकसान हुआ।,0
Breaking: Sun Pharma ke results expectation se better aaye।,1
Reliance me panic selling dekhne ko mili!,0
"रिपोर्ट्स के अनुसार, ITC का स्टॉक धड़ाम हो गया।",0
"रिपोर्ट्स के अनुसार, ITC में जबरदस्त तेजी देखने को मिली!",1
मार्केट ओपन होते ही ICICI Bank का स्टॉक धड़ाम हो गया!,0
Mahindra & Mahindra ने बाजार को सपोर्ट किया,1
मार्केट ओपन होते ही HDFC Bank ने निवेशकों को मालामाल किया।,1
"रिपोर्ट्स के अनुसार, L&T में जबरदस्त तेजी देखने को मिली।",1
"रिपोर्ट्स के अनुसार, L&T ke profit me acchi growth aayi",1
Experts ka manna hai ki एचडीएफसी ko naya contract mila hai.,1
Experts ka manna hai ki एसबीआई को भारी नुकसान हुआ।,0
Experts ka manna hai ki SBI me jabardast rally dekhi gayi।,1
Breaking: SBI par RBI ne strict action liya,0
Experts ka manna hai ki Sun Pharma में जबरदस्त तेजी देखने को मिली।,1
Tata Motors me strong buying momentum hai,1
"रिपोर्ट्स के अनुसार, रिलायंस को बड़ा प्रोजेक्ट मिला.",1
आज Mahindra & Mahindra का मुनाफा 20% बढ़ा...,1
L&T के तिमाही नतीजे बेहद खराब रहे...,0
Breaking: Infosys को भारी नुकसान हुआ,0
Breaking: Infosys par RBI ne strict action liya!,0
मार्केट ओपन होते ही Tata Motors में भारी गिरावट दर्ज की गई...,0
मार्केट ओपन होते ही Reliance ने बाजार को सपोर्ट किया!,1
Breaking: इन्फोसिस ke results expectation se better aaye।,1
मार्केट ओपन होते ही HDFC Bank के शेयर लुढ़क गए,0
टाटा मोटर्स ने निवेशकों को मालामाल किया!,1
Experts ka manna hai ki Infosys ke shares crash ho gaye...,0
आज टाटा मोटर्स me panic selling dekhne ko mili।,0
ITC stock me lower circuit lag gaya.,0
"रिपोर्ट्स के अनुसार, Tata Motors me jabardast rally dekhi gayi.",1
"रिपोर्ट्स के अनुसार, इन्फोसिस ने निवेशकों को मालामाल किया!",1
ITC में बिकवाली का दबाव दिखा।,0
Maruti Suzuki के मुनाफे में भारी उछाल!,1
Experts ka manna hai ki एचडीएफसी में जबरदस्त तेजी देखने को मिली,1
मार्केट ओपन होते ही SBI me jabardast rally dekhi gayi।,1
Experts ka manna hai ki Infosys के मुनाफे में भारी उछाल!,1
आज Infosys में भारी गिरावट दर्ज की गई.,0
Adani Enterprises के तिमाही नतीजे बेहद खराब रहे...,0
मार्केट ओपन होते ही HDFC Bank ने निवेशकों को मालामाल किया!,1
Experts ka manna hai ki Tata Motors ne 52-week high touch kiya.,1
"रिपोर्ट्स के अनुसार, Bajaj Finance को बड़ा घाटा हुआ",0
आज एसबीआई ki rating downgrade ki gayi...,0
Breaking: Bharti Airtel me panic selling dekhne ko mili!,0
Experts ka manna hai ki Infosys me strong buying momentum hai...,1
Bajaj Finance stock me lower circuit lag gaya।,0
Experts ka manna hai ki ICICI Bank के तिमाही नतीजे बेहद खराब रहे!,0
"रिपोर्ट्स के अनुसार, ICICI Bank के तिमाही नतीजे बेहद खराब रहे",0
"रिपोर्ट्स के अनुसार, Infosys ne 52-week high touch kiya!",1
"रिपोर्ट्स के अनुसार, TCS में बिकवाली का दबाव दिखा।",0
आज टाटा मोटर्स को बड़ा प्रोजेक्ट मिला!,1
Breaking: Infosys को बड़ा प्रोजेक्ट मिला.,1
Experts ka manna hai ki SBI ne 52-week high touch kiya,1
"रिपोर्ट्स के अनुसार, Maruti Suzuki ke results expectation se better aaye",1
आज TCS ne 52-week high touch kiya!,1
Breaking: Bharti Airtel ki aamdani me bhot badhotri hui,1
मार्केट ओपन होते ही Maruti Suzuki पर सेबी ने जुर्माना लगाया!,0
मार्केट ओपन होते ही Mahindra & Mahindra ke results expectation se better aaye.,1
"रिपोर्ट्स के अनुसार, Sun Pharma ने बाजार को सपोर्ट किया!",1
मार्केट ओपन होते ही TCS me strong buying momentum hai...,1
Experts ka manna hai ki रिलायंस ki rating downgrade ki gayi...,0
Breaking: Tata Motors में आज अच्छी खरीददारी दिखी,1
"रिपोर्ट्स के अनुसार, टाटा मोटर्स stock uppar gaya hai aaj.",1
आज ICICI Bank के शेयर रॉकेट बन गए!,1
Experts ka manna hai ki एसबीआई में भारी गिरावट दर्ज की गई।,0
आज Infosys me strong buying momentum hai,1
TCS ke profit me acchi growth aayi.,1
आज L&T me strong buying momentum hai...,1
Experts ka manna hai ki ICICI Bank ke results disappointing the,0
Experts ka manna hai ki Maruti Suzuki ne 52-week high touch kiya,1
Experts ka manna hai ki इन्फोसिस ke profits gir gaye hain is quarter me...,0
Breaking: L&T ke profit me acchi growth aayi,1
एचडीएफसी को बड़ा प्रोजेक्ट मिला,1
Breaking: L&T ko naya contract mila hai।,1
रिलायंस me jabardast rally dekhi gayi!,1
Experts ka manna hai ki L&T का मुनाफा 20% बढ़ा.,1
आज Tata Motors me panic selling dekhne ko mili,0
Experts ka manna hai ki Bajaj Finance के तिमाही नतीजे बेहद खराब रहे.,0
Breaking: Reliance के मुनाफे में भारी उछाल।,1
मार्केट ओपन होते ही Mahindra & Mahindra के तिमाही नतीजे बेहद खराब रहे,0
Experts ka manna hai ki एचडीएफसी ki aamdani me bhot badhotri hui...,1
मार्केट ओपन होते ही एसबीआई के Q3 नतीजे शानदार रहे,1
मार्केट ओपन होते ही ICICI Bank का मुनाफा 20% बढ़ा...,1
मार्केट ओपन होते ही Tata Motors में जबरदस्त तेजी देखने को मिली.,1
Experts ka manna hai ki Bharti Airtel ke profit me acchi growth aayi.,1
Adani Enterprises को बड़ा घाटा हुआ!,0
HDFC Bank ke results disappointing the...,0
"रिपोर्ट्स के अनुसार, Sun Pharma में जबरदस्त तेजी देखने को मिली",1
आज Tata Motors में आज अच्छी खरीददारी दिखी।,1
Experts ka manna hai ki Sun Pharma के शेयर लुढ़क गए,0
Experts ka manna hai ki L&T ki rating downgrade ki gayi...,0
इन्फोसिस में भारी गिरावट दर्ज की गई.,0
"रिपोर्ट्स के अनुसार, Maruti Suzuki me jabardast rally dekhi gayi",1
Infosys ने बाजार को सपोर्ट किया...,1
"रिपोर्ट्स के अनुसार, ICICI Bank ने बाजार को सपोर्ट किया",1
इन्फोसिस me bohot bekwali hui aaj।,0
"रिपोर्ट्स के अनुसार, Infosys ke profits gir gaye hain is quarter me...",0
मार्केट ओपन होते ही टाटा मोटर्स ke profits gir gaye hain is quarter me...,0
"रिपोर्ट्स के अनुसार, एचडीएफसी me bohot bekwali hui aaj.",0
Bharti Airtel का मुनाफा 15% घट गया।,0
Breaking: Mahindra & Mahindra ki aamdani me bhot badhotri hui...,1
आज HDFC Bank ने बाजार को सपोर्ट किया...,1
मार्केट ओपन होते ही HDFC Bank में आज अच्छी खरीददारी दिखी।,1
Breaking: ICICI Bank ko naya contract mila hai।,1
Breaking: Mahindra & Mahindra का स्टॉक धड़ाम हो गया!,0
रिलायंस में आज अच्छी खरीददारी दिखी...,1
"रिपोर्ट्स के अनुसार, Bajaj Finance को बड़ा प्रोजेक्ट मिला!",1
Breaking: ICICI Bank me panic selling dekhne ko mili.,0
Experts ka manna hai ki इन्फोसिस का स्टॉक धड़ाम हो गया...,0
मार्केट ओपन होते ही Bajaj Finance ke results expectation se better aaye।,1
मार्केट ओपन होते ही एचडीएफसी के तिमाही नतीजे बेहद खराब रहे!,0
L&T me panic selling dekhne ko mili!,0
"रिपोर्ट्स के अनुसार, Bajaj Finance को बड़ा घाटा हुआ",0
Experts ka manna hai ki रिलायंस ke profit me acchi growth aayi...,1
Experts ka manna hai ki टाटा मोटर्स ke profit me acchi growth aayi.,1
आज इन्फोसिस के शेयर लुढ़क गए!,0
Experts ka manna hai ki टाटा मोटर्स ने निवेशकों को मालामाल किया.,1
Experts ka manna hai ki TCS ke profits gir gaye hain is quarter me...,0
Mahindra & Mahindra ki rating downgrade ki gayi,0
"रिपोर्ट्स के अनुसार, Maruti Suzuki ke results expectation se better aaye.",1
Experts ka manna hai ki Bharti Airtel me strong buying momentum hai.,1
"रिपोर्ट्स के अनुसार, Tata Motors ko naya contract mila hai.",1
मार्केट ओपन होते ही Mahindra & Mahindra me bohot bekwali hui aaj,0
एसबीआई में बिकवाली का दबाव दिखा...,0
Experts ka manna hai ki एसबीआई के तिमाही नतीजे बेहद खराब रहे,0
मार्केट ओपन होते ही Infosys को भारी नुकसान हुआ,0
SBI me bohot bekwali hui aaj!,0
Experts ka manna hai ki TCS me strong buying momentum hai।,1
Experts ka manna hai ki रिलायंस me panic selling dekhne ko mili...,0
Experts ka manna hai ki Infosys को बड़ा प्रोजेक्ट मिला!,1
आज TCS stock uppar gaya hai aaj,1
Experts ka manna hai ki एसबीआई stock uppar gaya hai aaj.,1
आज Reliance का स्टॉक धड़ाम हो गया!,0
आज HDFC Bank ने बाजार को सपोर्ट किया.,1
आज ITC stock me lower circuit lag gaya!,0
Breaking: Sun Pharma में जबरदस्त तेजी देखने को मिली...,1
आज Reliance के शेयर लुढ़क गए।,0
आज ITC ki aamdani me bhot badhotri hui।,1
TCS का मुनाफा 20% बढ़ा...,1
मार्केट ओपन होते ही HDFC Bank me jabardast rally dekhi gayi,1
Breaking: Bajaj Finance ke profit me acchi growth aayi!,1
मार्केट ओपन होते ही HDFC Bank me bohot bekwali hui aaj...,0
Bharti Airtel के शेयर लुढ़क गए,0
Breaking: SBI ne 52-week high touch kiya।,1
मार्केट ओपन होते ही रिलायंस को बड़ा प्रोजेक्ट मिला.,1
"रिपोर्ट्स के अनुसार, Bharti Airtel में जबरदस्त तेजी देखने को मिली।",1
टाटा मोटर्स ko naya contract mila hai!,1
Breaking: Mahindra & Mahindra ke shares crash ho gaye।,0
"रिपोर्ट्स के अनुसार, रिलायंस stock me lower circuit lag gaya",0
"रिपोर्ट्स के अनुसार, Reliance में आज अच्छी खरीददारी दिखी!",1
Experts ka manna hai ki ICICI Bank को बड़ा घाटा हुआ.,0
मार्केट ओपन होते ही इन्फोसिस ke shares crash ho gaye।,0
आज HDFC Bank ko naya contract mila hai।,1
आज ICICI Bank को बड़ा घाटा हुआ,0
Reliance me strong buying momentum hai।,1
Breaking: टाटा मोटर्स stock uppar gaya hai aaj!,1
मार्केट ओपन होते ही ITC par RBI ne strict action liya,0
"रिपोर्ट्स के अनुसार, इन्फोसिस में जबरदस्त तेजी देखने को मिली।",1
आज एचडीएफसी पर सेबी ने जुर्माना लगाया.,0
Reliance stock me lower circuit lag gaya.,0
"रिपोर्ट्स के अनुसार, एचडीएफसी me strong buying momentum hai।",1
Breaking: Maruti Suzuki के मुनाफे में भारी उछाल...,1
मार्केट ओपन होते ही Bajaj Finance के शेयर रॉकेट बन गए।,1
मार्केट ओपन होते ही Tata Motors ke results disappointing the...,0
आज TCS stock uppar gaya hai aaj!,1
Breaking: Tata Motors के शेयर लुढ़क गए...,0
आज Maruti Suzuki को भारी नुकसान हुआ।,0
Bharti Airtel को बड़ा घाटा हुआ,0
मार्केट ओपन होते ही Mahindra & Mahindra को बड़ा घाटा हुआ।,0
Breaking: Adani Enterprises ne 52-week high touch kiya।,1
आज Infosys ke profits gir gaye hain is quarter me,0
TCS के शेयर रॉकेट बन गए,1
आज Bharti Airtel ke results expectation se better aaye!,1
Experts ka manna hai ki TCS ने बाजार को सपोर्ट किया!,1
Experts ka manna hai ki Bajaj Finance ने बाजार को सपोर्ट किया.,1
Adani Enterprises में जबरदस्त तेजी देखने को मिली,1
आज HDFC Bank me panic selling dekhne ko mili.,0
मार्केट ओपन होते ही TCS me panic selling dekhne ko mili.,0
एचडीएफसी के शेयर लुढ़क गए!,0
Experts ka manna hai ki Bharti Airtel ki rating downgrade ki gayi.,0
मार्केट ओपन होते ही रिलायंस me panic selling dekhne ko mili।,0
"रिपोर्ट्स के अनुसार, Infosys ne 52-week high touch kiya",1
Experts ka manna hai ki Infosys ke profits gir gaye hain is quarter me।,0
Breaking: SBI par RBI ne strict action liya,0
Experts ka manna hai ki एचडीएफसी को बड़ा घाटा हुआ।,0
मार्केट ओपन होते ही L&T के तिमाही नतीजे बेहद खराब रहे!,0
Experts ka manna hai ki टाटा मोटर्स को बड़ा प्रोजेक्ट मिला।,1
"रिपोर्ट्स के अनुसार, SBI ki rating downgrade ki gayi!",0
Infosys के मुनाफे में भारी उछाल!,1
Experts ka manna hai ki Sun Pharma को बड़ा घाटा हुआ,0
Experts ka manna hai ki Maruti Suzuki ने बाजार को सपोर्ट किया,1
Experts ka manna hai ki HDFC Bank ke profit me acchi growth aayi।,1
"रिपोर्ट्स के अनुसार, एसबीआई ke profits gir gaye hain is quarter me।",0
Mahindra & Mahindra ke results disappointing the!,0
Experts ka manna hai ki Tata Motors के शेयर लुढ़क गए...,0
मार्केट ओपन होते ही Infosys के Q3 नतीजे शानदार रहे...,1
"रिपोर्ट्स के अनुसार, L&T ne 52-week high touch kiya!",1
Sun Pharma में बिकवाली का दबाव दिखा.,0
आज TCS ko naya contract mila hai.,1
मार्केट ओपन होते ही Adani Enterprises ke profit me acchi growth aayi.,1
Breaking: Reliance ke shares crash ho gaye,0
आज Infosys ki aamdani me bhot badhotri hui,1
आज Sun Pharma में आज अच्छी खरीददारी दिखी।,1
आज इन्फोसिस ke profits gir gaye hain is quarter me,0
"रिपोर्ट्स के अनुसार, ICICI Bank के Q3 नतीजे शानदार रहे...",1
"रिपोर्ट्स के अनुसार, Adani Enterprises me strong buying momentum hai.",1
आज Bajaj Finance के तिमाही नतीजे बेहद खराब रहे...,0
Experts ka manna hai ki Sun Pharma के तिमाही नतीजे बेहद खराब रहे।,0
आज HDFC Bank me bohot bekwali hui aaj।,0
Breaking: HDFC Bank ke results disappointing the...,0
मार्केट ओपन होते ही L&T ने बाजार को सपोर्ट किया,1
"रिपोर्ट्स के अनुसार, SBI ki aamdani me bhot badhotri hui...",1
Experts ka manna hai ki L&T के शेयर लुढ़क गए,0
Breaking: टाटा मोटर्स के तिमाही नतीजे बेहद खराब रहे।,0
HDFC Bank के Q3 नतीजे शानदार रहे।,1
"रिपोर्ट्स के अनुसार, Maruti Suzuki ke results expectation se better aaye!",1
मार्केट ओपन होते ही इन्फोसिस ki aamdani me bhot badhotri hui!,1
TCS के शेयर लुढ़क गए!,0
"रिपोर्ट्स के अनुसार, HDFC Bank ki rating downgrade ki gayi...",0
Bajaj Finance का मुनाफा 15% घट गया...,0
आज L&T का मुनाफा 20% बढ़ा!,1
Maruti Suzuki को बड़ा प्रोजेक्ट मिला,1
आज Reliance ने निवेशकों को मालामाल किया।,1
"रिपोर्ट्स के अनुसार, ITC ने निवेशकों को मालामाल किया...",1
मार्केट ओपन होते ही Reliance में भारी गिरावट दर्ज की गई...,0
Breaking: ICICI Bank me panic selling dekhne ko mili.,0
आज L&T par RBI ne strict action liya।,0
"रिपोर्ट्स के अनुसार, L&T के Q3 नतीजे शानदार रहे...",1
ITC ki rating downgrade ki gayi,0
आज Infosys ko naya contract mila hai!,1
आज Infosys ke results disappointing the...,0
Experts ka manna hai ki एचडीएफसी को बड़ा घाटा हुआ,0
मार्केट ओपन होते ही एसबीआई ki aamdani me bhot badhotri hui।,1
"रिपोर्ट्स के अनुसार, ITC में भारी गिरावट दर्ज की गई",0
आज Sun Pharma ने बाजार को सपोर्ट किया,1
Breaking: ITC ने निवेशकों को मालामाल किया,1
Breaking: Bharti Airtel का मुनाफा 20% बढ़ा।,1
Breaking: Mahindra & Mahindra ke profit me acchi growth aayi.,1
आज एसबीआई को बड़ा घाटा हुआ!,0
Experts ka manna hai ki एचडीएफसी के Q3 नतीजे शानदार रहे.,1
"रिपोर्ट्स के अनुसार, Tata Motors me strong buying momentum hai",1
आज ITC का मुनाफा 15% घट गया,0
मार्केट ओपन होते ही TCS को बड़ा घाटा हुआ.,0
Experts ka manna hai ki Bharti Airtel में आज अच्छी खरीददारी दिखी.,1
इन्फोसिस का मुनाफा 15% घट गया!,0
Experts ka manna hai ki ITC par RBI ne strict action liya.,0
"रिपोर्ट्स के अनुसार, एचडीएफसी के तिमाही नतीजे बेहद खराब रहे",0
मार्केट ओपन होते ही Bharti Airtel par RBI ne strict action liya...,0
आज ITC ke profit me acchi growth aayi,1
"रिपोर्ट्स के अनुसार, ICICI Bank ko naya contract mila hai।",1
Experts ka manna hai ki Bajaj Finance me bohot bekwali hui aaj,0
"रिपोर्ट्स के अनुसार, रिलायंस के शेयर रॉकेट बन गए.",1
"रिपोर्ट्स के अनुसार, इन्फोसिस में जबरदस्त तेजी देखने को मिली...",1
Experts ka manna hai ki ITC का मुनाफा 15% घट गया,0
Adani Enterprises के तिमाही नतीजे बेहद खराब रहे,0
"रिपोर्ट्स के अनुसार, ITC को भारी नुकसान हुआ...",0
आज Infosys stock uppar gaya hai aaj।,1
आज इन्फोसिस me jabardast rally dekhi gayi,1
HDFC Bank को बड़ा घाटा हुआ।,0
Experts ka manna hai ki L&T का मुनाफा 15% घट गया...,0
आज HDFC Bank ke shares crash ho gaye।,0
मार्केट ओपन होते ही इन्फोसिस ke profits gir gaye hain is quarter me,0
आज ICICI Bank के तिमाही नतीजे बेहद खराब रहे...,0
आज L&T par RBI ne strict action liya.,0
आज L&T में बिकवाली का दबाव दिखा.,0
Experts ka manna hai ki Reliance ke results expectation se better aaye,1
आज Infosys ki rating downgrade ki gayi।,0
Breaking: Bharti Airtel ने निवेशकों को मालामाल किया!,1
"रिपोर्ट्स के अनुसार, ICICI Bank ki aamdani me bhot badhotri hui.",1
Breaking: ITC के मुनाफे में भारी उछाल!,1
आज एचडीएफसी का मुनाफा 20% बढ़ा,1
मार्केट ओपन होते ही SBI ke results disappointing the।,0
आज Adani Enterprises पर सेबी ने जुर्माना लगाया!,0
Experts ka manna hai ki ICICI Bank ki rating downgrade ki gayi।,0
"रिपोर्ट्स के अनुसार, Adani Enterprises के शेयर रॉकेट बन गए",1
Breaking: Tata Motors me strong buying momentum hai।,1
Experts ka manna hai ki ICICI Bank stock me lower circuit lag gaya.,0
आज टाटा मोटर्स me panic selling dekhne ko mili!,0
Experts ka manna hai ki L&T में जबरदस्त तेजी देखने को मिली...,1
Breaking: एचडीएफसी me strong buying momentum hai,1
Breaking: रिलायंस ke results disappointing the।,0
आज ITC को भारी नुकसान हुआ.,0
Breaking: एसबीआई ke results disappointing the!,0
टाटा मोटर्स में भारी गिरावट दर्ज की गई!,0
TCS को बड़ा घाटा हुआ,0
मार्केट ओपन होते ही एचडीएफसी me jabardast rally dekhi gayi।,1
Experts ka manna hai ki इन्फोसिस में जबरदस्त तेजी देखने को मिली...,1
Experts ka manna hai ki एसबीआई के शेयर लुढ़क गए।,0
"रिपोर्ट्स के अनुसार, Reliance ko naya contract mila hai!",1
आज Infosys stock me lower circuit lag gaya,0
रिलायंस ने निवेशकों को मालामाल किया...,1
Breaking: Sun Pharma का मुनाफा 15% घट गया,0
Reliance me jabardast rally dekhi gayi...,1
मार्केट ओपन होते ही Reliance me bohot bekwali hui aaj,0
"रिपोर्ट्स के अनुसार, Bajaj Finance me bohot bekwali hui aaj.",0
मार्केट ओपन होते ही एसबीआई को भारी नुकसान हुआ,0
आज इन्फोसिस stock uppar gaya hai aaj...,1
"रिपोर्ट्स के अनुसार, ITC में जबरदस्त तेजी देखने को मिली.",1
HDFC Bank ke profits gir gaye hain is quarter me।,0
Mahindra & Mahindra के मुनाफे में भारी उछाल.,1
Experts ka manna hai ki TCS का मुनाफा 15% घट गया...,0
Experts ka manna hai ki Infosys में बिकवाली का दबाव दिखा।,0
Breaking: इन्फोसिस के शेयर लुढ़क गए...,0
Tata Motors me panic selling dekhne ko mili...,0
TCS का स्टॉक धड़ाम हो गया।,0
आज ICICI Bank ki rating downgrade ki gayi.,0
Experts ka manna hai ki Infosys के तिमाही नतीजे बेहद खराब रहे.,0
एचडीएफसी ke results disappointing the।,0
"रिपोर्ट्स के अनुसार, एचडीएफसी के शेयर रॉकेट बन गए",1
Experts ka manna hai ki HDFC Bank ke shares crash ho gaye.,0
Breaking: HDFC Bank के शेयर रॉकेट बन गए।,1
SBI में बिकवाली का दबाव दिखा.,0
Maruti Suzuki पर सेबी ने जुर्माना लगाया।,0
"रिपोर्ट्स के अनुसार, इन्फोसिस ke results disappointing the।",0
Bajaj Finance में बिकवाली का दबाव दिखा!,0
Experts ka manna hai ki L&T में बिकवाली का दबाव दिखा।,0
SBI par RBI ne strict action liya...,0
मार्केट ओपन होते ही रिलायंस का मुनाफा 20% बढ़ा!,1
मार्केट ओपन होते ही Infosys par RBI ne strict action liya.,0
Breaking: Mahindra & Mahindra ki rating downgrade ki gayi।,0
मार्केट ओपन होते ही Reliance के Q3 नतीजे शानदार रहे,1
"रिपोर्ट्स के अनुसार, इन्फोसिस का मुनाफा 20% बढ़ा।",1
Experts ka manna hai ki Tata Motors me strong buying momentum hai.,1
"रिपोर्ट्स के अनुसार, एचडीएफसी par RBI ne strict action liya",0
L&T को बड़ा प्रोजेक्ट मिला.,1
आज एचडीएफसी में भारी गिरावट दर्ज की गई,0
मार्केट ओपन होते ही एचडीएफसी का मुनाफा 15% घट गया।,0
Breaking: Bajaj Finance ki rating downgrade ki gayi!,0
"रिपोर्ट्स के अनुसार, टाटा मोटर्स का मुनाफा 20% बढ़ा",1
Breaking: इन्फोसिस ने निवेशकों को मालामाल किया।,1
आज Reliance के शेयर लुढ़क गए,0
आज Infosys ke results expectation se better aaye।,1
आज ICICI Bank का मुनाफा 20% बढ़ा...,1
आज Tata Motors stock uppar gaya hai aaj.,1
मार्केट ओपन होते ही Sun Pharma ने बाजार को सपोर्ट किया...,1
Infosys पर सेबी ने जुर्माना लगाया।,0
Breaking: Reliance के मुनाफे में भारी उछाल!,1
Breaking: Infosys ke profit me acchi growth aayi.,1
मार्केट ओपन होते ही Infosys के शेयर रॉकेट बन गए,1
ICICI Bank stock me lower circuit lag gaya।,0
Bharti Airtel ki rating downgrade ki gayi,0
Experts ka manna hai ki TCS ke results expectation se better aaye!,1
Experts ka manna hai ki रिलायंस में बिकवाली का दबाव दिखा।,0
"रिपोर्ट्स के अनुसार, Bajaj Finance के शेयर रॉकेट बन गए!",1
Experts ka manna hai ki Bajaj Finance ne 52-week high touch kiya,1
आज HDFC Bank का स्टॉक धड़ाम हो गया.,0
आज Tata Motors के मुनाफे में भारी उछाल।,1
"रिपोर्ट्स के अनुसार, Bharti Airtel ने बाजार को सपोर्ट किया.",1
मार्केट ओपन होते ही HDFC Bank me bohot bekwali hui aaj,0
"रिपोर्ट्स के अनुसार, Reliance ki rating downgrade ki gayi",0
Mahindra & Mahindra में जबरदस्त तेजी देखने को मिली,1
Experts ka manna hai ki इन्फोसिस के शेयर रॉकेट बन गए...,1
Breaking: Bajaj Finance में जबरदस्त तेजी देखने को मिली.,1
मार्केट ओपन होते ही Sun Pharma के शेयर रॉकेट बन गए...,1
"रिपोर्ट्स के अनुसार, ICICI Bank ko naya contract mila hai",1
मार्केट ओपन होते ही एचडीएफसी stock me lower circuit lag gaya,0
आज एसबीआई stock me lower circuit lag gaya!,0
मार्केट ओपन होते ही Bharti Airtel ki aamdani me bhot badhotri hui...,1
"रिपोर्ट्स के अनुसार, एचडीएफसी का मुनाफा 20% बढ़ा...",1
टाटा मोटर्स me strong buying momentum hai।,1
