datePublished,timestamp,timestamp_filled,trading_date,company,symbol,headline,description,articleBody,tags,author,url,source,language
2025-12-15,2025-12-15 19:07,2025-12-15 19:07,2025-12-16,Infosys,INFY,H-1B वीजा की 100000 डॉलर फीस का ज्यादा असर टीसीएस और इंफोसिस पर पड़ेगा,"एच-1बी वीजा के लिए ट्रंप की 100000 डॉलर की फीस का उन मल्टीनेशनल स्टाफिंग फर्मों पर असर पड़ेगा, जो एच-1बी वर्कर्स की तलाश वाली कंपनियों के लिए मिडिलमैन का काम करती हैं। इनमें टीसीएस, इंफोसिस और कॉग्निजेंट टेक्नोलॉजी सॉल्यूशंस जैसी कंपनियां शामिल हैं","अमेरिकी राष्ट्रपति डोनाल्ड ट्रंप के नए एच-1बी वीजा पर 1,00,000 डॉलर की फीस लगाने के फैसले का बड़ा असर आईटी आउटसोर्सिंग और स्टाफिंग इंडस्ट्रीज पर पड़ेगा। विदेशी वर्कर्स के लिए अमेरिका में काम करने के लिए एच-1बी वीजा जरूरी है। ब्लूमबर्ग की एनालिसिस के मुताबिक, इस फीस का उन मल्टीनेशनल स्टाफिंग फर्मों पर असर पड़ेगा, जो एच-1बी वर्कर्स की तलाश वाली कंपनियों के लिए मिडिलमैन का काम करती हैं। इनमें टीसीएस, इंफोसिस और कॉग्निजेंट टेक्नोलॉजी सॉल्यूशंस जैसी कंपनियां शामिल हैं। ये तीन कंपनियां एच-1बी वीजा का करती हैं ज्यादा इस्तेमाल मई 2020 से मई 2024 के बीच, इन तीनों कंपनियों के करीब 90 फीसदी एच-1बी वीजा अप्लिकेशंस को अमेरिकी कंसुलेट्स की मंजूरी मिली थी। एच-1बी वीजा पर नई फीस के चलते इन कंपनियों के लिए विदेशी वर्कर्स को अप्वाइंट करने के लिए लाखों डॉलर खर्च करने पड़ेंगे। मई 2020 से मई 2024 के बीच इंफोसिस ने 10,400 वर्कर्स की हायरिंग की थी, जिनमें से 93 फीसदी हायरिंग पर उसे एच-1बी वीजा फीस चुकाना पड़ सकता था। इससे उसका खर्च 1 अरब डॉलर से ज्यादा बढ़ जाता। 1,00,000 डॉलर की फीस का असर वीजा की डिमांड पर पड़ेगा टीसीएस को इस दौरान 6,500 वर्कर्स के लिए यह फीस चुकानी पड़ती, जो नए एच-1बी वीजा वर्कर्स का 82 फीसदी था। कॉग्निजेंट को 5,600 से ज्यादा वर्कर्स के लिए यह फीस चुकानी पड़ती, जो नए एच-1बी वीजा वर्कर्स का 89 फीसदी है। अगर कोर्ट में इसके खिलाफ याचिका की वजह से इस फीस पर रोक लग जाती है तो भी इंडस्ट्री का मानना है कि इससे वीजा की डिमांड में तेज गिरावट आएगी। इसका विदेश में वर्कर्स के प्लेसमेंट पर भी असर पड़ेगा। एच-1बी वीजा अमेरिका में करियर के लिए मुख्य रास्ता कई आईटी कंपनियों का प्रतिनिधित्व करने वाले इमिग्रेशन अटॉर्नी जोनाथन वासडेन ने कहा कि हम ऐसा होते हुए देख रहे हैं। इस बात का डर है कि अगर आपको विदेश में बहुत अच्छा टैलेंट दिख रहा है तो भी आप उसका फायदा नहीं उठा सकेंगे। लंबे समय से एच-1बी प्रोग्राम का ज्यादा इस्तेमाल बड़ी टेक्नोलॉजी और आईटी कंपनियां करती आ रही हैं। यह अमेरिका में करियर के लिए विदेशी वर्कर्स का मुख्य रास्ता रहा है। यह भी पढ़ें: Bitcoin Price: बिटकॉइन 90000 डॉलर से नीचे आया, इस गिरावट की क्या है वजह? कपनियां अमेरिकी वर्कर्स के सस्ते विकल्प के लिए करती हैं इस्तेमाल रिपब्लिकन और डेमोक्रेट्स दोनों दलों के सांसदों ने दावा किया है कि कंपनियां अमेरिकी वर्कर्स के सस्ते विकल्प के लिए इस प्रोग्राम का इस्तेमाल करती हैं। हालांकि, एच-1बी एंप्लॉयीज को उनकी इंडस्ट्री के हिसाब से सैलरी मिलनी चाहिए। आम तौर पर करियर की शुरुआत करने वाले एच-1बी वीजा वर्कर्स को औसत अमेरिकी सैलरी से ज्यादा पैसे मिलते हैं। हिंदी में शेयर बाजार , स्टॉक मार्केट न्यूज़ , बिजनेस न्यूज़ , पर्सनल फाइनेंस और अन्य देश से जुड़ी खबरें सबसे पहले मनीकंट्रोल हिंदी पर पढ़ें. डेली मार्केट अपडेट के लिए Moneycontrol App डाउनलोड करें।","TCS, Infosys, H-1B visa, Indian IT company, h-1b visa fees, donald trump, it industry, cognizant",MONEYCONTROL NEWS,https://hindi.moneycontrol.com/news/business/donald-trump-dollar-100000-h-1b-visa-fees-will-impact-infosys-and-tcs-heavily-2311479.html,moneycontrol_hindi,hi
2025-12-25,2025-12-25 10:37,2025-12-25 10:37,2025-12-25,Infosys,INFY,"Infosys ने फ्रेशर्स के लिए बढ़ाई सैलरी, अब ₹21 लाख तक का पैकेज कर रही ऑफर",Infosys Salary: इंफोसिस 2025 के इंजीनियरिंग और कंप्यूटर साइंस ग्रेजुएट्स के लिए एक ऑफ-कैंपस हायरिंग ड्राइव शुरू कर रही है। ऑफर किए जा रहे रोल्स में स्पेशलिस्ट प्रोग्रामरऔर डिजिटल स्पेशलिस्ट इंजीनियर शामिल हैं,"IT कंपनी इंफोसिस (Infosys) ने फ्रेशर्स के लिए एंट्री-लेवल सैलरी बढ़ा दी है। स्पेशलाइज्ड टेक्नोलॉजी रोल्स के लिए सालाना 21 लाख रुपये तक के पैकेज दिए जा रहे हैं। कंपनी AI-फर्स्ट क्षमताओं को मजबूत करने और डिजिटल रूप से टैलेंटेड लोगों को आकर्षित करने के लिए हायरिंग बढ़ा रही है। नए डेवलपमेंट से इंफोसिस भारतीय IT फर्मों में एंट्री लेवल पर सबसे ज्यादा सैलरी देने वाली कंपनी बन गई है। मनीकंट्रोल द्वारा रिव्यू और वेरिफाई किए गए सोशल मीडिया पोस्ट और बैनर के अनुसार, इंफोसिस 2025 के इंजीनियरिंग और कंप्यूटर साइंस ग्रेजुएट्स के लिए एक ऑफ-कैंपस हायरिंग ड्राइव शुरू कर रही है। मकसद स्पेशलाइज्ड टेक्नोलॉजी रोल्स के लिए टैलेंट को रिक्रूट करना है। सालाना पैकेज 7 लाख से 21 लाख रुपये तक का होगा। ऑफर किए जा रहे रोल्स में स्पेशलिस्ट प्रोग्रामर (L1 से L3) और डिजिटल स्पेशलिस्ट इंजीनियर (ट्रेनी) शामिल हैं। ये रोल कंप्यूटर साइंस, IT के साथ-साथ ECE और EEE जैसी चुनिंदा सर्किट ब्रांच के BE, BTech, ME, MTech, MCA और इंटीग्रेटेड MSc ग्रेजुएट्स के लिए ओपन हैं। स्पेशलिस्ट प्रोग्रामर L3 (ट्रेनी) कि लिए 21 लाख रुपये सालाना, स्पेशलिस्ट प्रोग्रामर L2 (ट्रेनी) के लिए 16 लाख रुपये सालाना, स्पेशलिस्ट प्रोग्रामर L1 (ट्रेनी) के लिए 11 लाख रुपये सालाना और डिजिटल स्पेशलिस्ट इंजीनियर (ट्रेनी) के लिए 7 लाख रुपये सालाना के पैकेज की पेशकश की जा रही है। इंफोसिस ग्रुप के चीफ ह्यूमन रिसोर्सेज ऑफिसर शाजी मैथ्यू ने मनीकंट्रोल को बताया कि कंपनी अपनी सभी सर्विसेज में AI-फर्स्ट अप्रोच अपना रही है। इसके लिए मौजूदा कर्मचारियों की अपस्किलिंग और गहरी विशेषज्ञता वाले डिजिटली टैलेंटेड लोगों को लाने की जरूरत है। उन्होंने सवालों के जवाब में कहा, ""हमारी शुरुआती करियर हायरिंग में कैंपस और ऑफ-कैंपस ड्राइव शामिल हैं, और हमने स्पेशलिस्ट प्रोग्रामर ट्रैक में अवसर बढ़ाए हैं। इसमें सालाना 21 लाख रुपये तक के पैकेज दिए जा रहे हैं।"" कर्मचारियों पर निवेश नहीं कर रहे प्राइवेट बैंक, यही टैलेंट क्राइसिस की बड़ी वजह: SBI चेयरमैन सीएस शेट्टी इंफोसिस में इस साल कितने फ्रेशर्स की हायरिंग इंफोसिस ने वित्त वर्ष 2026 की पहली छमाही के लिए 12,000 फ्रेशर्स को हायर किया। कंपनी इस साल 20,000 फ्रेशर्स को हायर करने के अपने टारगेट को पूरा करने की राह पर है। यह बात इंफोसिस के CFO जयेश संघराजका ने 16 अक्टूबर 2025 को कंपनी के सितंबर तिमाही के नतीजे जारी करने के दौरान कही थी। सितंबर 2025 तिमाही में कंपनी ने 8,203 कर्मचारियों को जोड़ा। हिंदी में शेयर बाजार , स्टॉक मार्केट न्यूज़ , बिजनेस न्यूज़ , पर्सनल फाइनेंस और अन्य देश से जुड़ी खबरें सबसे पहले मनीकंट्रोल हिंदी पर पढ़ें. डेली मार्केट अपडेट के लिए Moneycontrol App डाउनलोड करें।","Infosys salary, Infosys package for freshers, Infosys entry level salary, Infosys hiring, इंफोसिस सैलरी, फ्रेशर्स के लिए इंफोसिस का पैकेज, इंफोसिस में एंट्री लेवल सैलरी, इंफोसिस हायरिंग, moneycontrol, moneycontrol hindi, business news in hindi",Ritika Singh,https://hindi.moneycontrol.com/news/business/infosys-has-raised-entry-level-salaries-for-freshers-with-compensation-packages-of-up-to-rs-21-lakh-per-annum-2320310.html,moneycontrol_hindi,hi
2026-04-05,2026-04-05 16:53,2026-04-05 16:53,2026-04-07,Infosys,INFY,"Stocks to Buy: ये 7 कंपनियां दे सकती हैं 78% तक रिटर्न, ब्रोकरेज ने दी खरीदने की सलाह","Stocks to Buy: शेयर बाजार की अनिश्चितता के बीच ब्रोकरेज फर्म्स ने 7 मजबूत कंपनियों पर खरीदारी की सलाह दी है। इन स्टॉक्स में 18% से लेकर 78% तक रिटर्न की संभावना है। इनमें आईटी, ऑटो, मेटल और डिजिटल सेक्टर के स्टॉक्स शामिल हैं। जानिए डिटेल।","Stocks to Buy: शेयर बाजार में इस समय उतार-चढ़ाव और काफी अनिश्चितता दिख रही है। इससे निवेशकों का भरोसा थोड़ा डगमगाया हुआ है। हालांकि, दिग्गज ब्रोकरेज फर्म्स अभी भी कुछ चुनिंदा कंपनियों पर मजबूती से दांव लगा रही हैं। इनमें 78% तक संभावित तेजी का अनुमान है। आइए जानते हैं कि किन कंपनियों में कितना रिटर्न मिलेगा और इन पर ब्रोकरेज बुलिश क्यों हैं। ब्रोकरेज फर्म Nomura और Motilal Oswal ने इस आईटी कंपनी पर ‘Buy’ रेटिंग बरकरार रखी है। टारगेट प्राइस 1,500 रुपये से 1,810 रुपये तक है। यह मौजूदा कीमत से करीब 18% से 41% तक बढ़त की संभावना दिखाता है। इंफोसिस ने हाल ही में दो स्पेशलाइज्ड टेक्नोलॉजी कंपनियों का अधिग्रहण किया है। इससे नए क्लाइंट्स जुड़ने और हेल्थकेयर जैसे सेक्टर में महारत बढ़ने की उम्मीद है। मजबूत डील पाइपलाइन और बड़े प्रोजेक्ट्स की बेहतर एग्जीक्यूशन कंपनी को कठिन ग्लोबल माहौल में भी आगे बनाए रख सकती है। Nomura और Motilal Oswal दोनों ने इस ऑटो दिग्गज पर ‘Buy’ रेटिंग दी है। टारगेट प्राइस 4,159 रुपये से 4,300 रुपये तक रखा गया है। यह मौजूदा स्तर से करीब 21% से 23% तक बढ़त का इशारा करता है। प्रीमियम मोटरसाइकिल सेगमेंट में लगातार मजबूत डिमांड कंपनी के लिए बड़ा सहारा बनी हुई है। वहीं, इलेक्ट्रिक व्हीकल्स पर बढ़ता फोकस आने वाले समय में इसे नई दिशा दे सकता है। ग्रामीण भारत में मजबूत डिस्ट्रीब्यूशन नेटवर्क कंपनी को लोअर सेगमेंट की रिकवरी का फायदा दिला सकता है। साथ ही, लागत नियंत्रण और प्रोडक्ट मिक्स में सुधार से मुनाफा बेहतर रहने की उम्मीद है। Motilal Oswal और Anand Rathi दोनों ने इस स्टॉक पर ‘Buy’ कॉल दी है। टारगेट प्राइस 240 रुपये के आसपास रखा गया है। यह मौजूदा कीमत से लगभग 24% तक बढ़त की दिखाता है। स्टील सेक्टर को लेकर नजरिया अब पहले से ज्यादा पॉजिटिव होता दिख रहा है। घरेलू बाजार में इंफ्रास्ट्रक्चर पर बढ़ते खर्च से डिमांड मजबूत रहने की उम्मीद है, जिससे उत्पादन का बड़ा हिस्सा यहीं खप सकता है। इसके अलावा, ऊर्जा लागत में कमी और यूरोप में ऑपरेशंस में सुधार की संभावना कंपनी के मुनाफे को सहारा दे सकती है। ग्लोबल सप्लाई में संतुलन बनने से भी कंपनी को फायदा मिल सकता है। एचएसबीसी, Axis Securities और Motilal Oswal तीनों ने इस कंपनी पर ‘Buy’ रेटिंग दी है। टारगेट प्राइस 2,490 रुपये से 2,570 रुपये के बीच रखा गया है, जो मौजूदा स्तर से करीब 39% से 42% तक तेजी का संकेत देता है। ब्रोकरेज का मानना है कि पूर्वी भारत में सप्लाई और डिमांड का संतुलन अब कंपनी के पक्ष में जा रहा है। पहले जिस तेजी से क्षमता बढ़ रही थी, वह अब धीमी हो रही है, जिससे कीमतों पर दबाव कम होगा। कंपनी की लागत घटाने की स्ट्रैटेजी, हाई ग्रोथ वाले इलाकों में मजबूत मौजूदगी और नए प्लांट्स से उत्पादन बढ़ने की उम्मीद इसे आगे मजबूत बना सकती है। साथ ही, मौजूदा वैल्यूएशन भी ऐतिहासिक स्तरों के मुकाबले सस्ता माना जा रहा है। Nomura और Motilal Oswal दोनों ने इस कंपनी पर ‘Buy’ कॉल दी है। टारगेट प्राइस 270 रुपये से 350 रुपये तक रखा गया है। यह मौजूदा स्तर से करीब 32% से 60% तक बढ़ने की संभावना दिखाता है। कंपनी ट्यूब पैकेजिंग में ग्लोबल लीडर है और कंज्यूमर गुड्स सेक्टर की बढ़ती मांग का फायदा उठा सकती है। कई देशों में मौजूदगी इसे स्थिर ग्रोथ का आधार देती है। Indovida के साथ मर्जर के बाद कंपनी मल्टी-फॉर्मेट पैकेजिंग प्लेटफॉर्म की ओर बढ़ रही है, जिससे उभरते बाजारों में तेजी से विस्तार संभव है। Nomura और Motilal Oswal इस कंपनी को लेकर काफी बुलिश हैं। टारगेट प्राइस 14,678 रुपये से 16,700 रुपये तक दिया गया है। यह मौजूदा स्तर से करीब 51% से 63% तक बढ़ने का संकेत देता है। कंपनी अब हाई मार्जिन प्रोडक्ट्स जैसे डिस्प्ले और कैमरा कंपोनेंट्स पर ज्यादा ध्यान दे रही है, जिससे मुनाफे में सुधार आ सकता है। सरकार से मिले नए प्रोजेक्ट अप्रूवल्स और इंसेंटिव स्कीम्स आने वाले सालों में मार्जिन को और मजबूत कर सकते हैं। इसके अलावा, कंपनी मोबाइल और आईटी हार्डवेयर सेगमेंट में नए ग्लोबल क्लाइंट्स जोड़ने पर काम कर रही है। इलेक्ट्रिक व्हीकल्स और मेडिकल इलेक्ट्रॉनिक्स जैसे नए क्षेत्रों में विस्तार इसे लंबी अवधि में ग्रोथ के नए रास्ते दे सकता है। Nomura और JM Financial दोनों इस कंपनी पर ‘Buy’ की सलाह दे रहे हैं। टारगेट प्राइस 2,380 रुपये से 3,026 रुपये के बीच रखा गया है। इसका मतलब है कि शेयर में 44% से 78% तक उछाल आ सकता है। कंपनी अपने प्लेटफॉर्म पर आर्टिफिशियल इंटेलिजेंस का इस्तेमाल बढ़ा रही है, जिससे यूजर एक्सपीरियंस बेहतर हो रहा है और नए रेवेन्यू मॉडल तैयार हो रहे हैं। हर महीने 85 मिलियन से ज्यादा यूनिक यूजर्स का ट्रैफिक इसे बड़ा स्केल एडवांटेज देता है। ब्रोकरेज का मानना है कि कंपनी अपने डेटा बेस का बेहतर इस्तेमाल करके यूजर एंगेजमेंट और ट्रांजैक्शन स्पीड दोनों बढ़ा सकती है। Multibagger Stock: 1 साल में 265% का रिटर्न! रामायण बनाने वाली कंपनी ने निवेशकों को किया मालामाल Disclaimer: मनीकंट्रोल.कॉम पर दिए गए सलाह या विचार एक्सपर्ट/ब्रोकरेज फर्म के अपने निजी विचार होते हैं। वेबसाइट या मैनेजमेंट इसके लिए उत्तरदायी नहीं है। यूजर्स को मनीकंट्रोल की सलाह है कि कोई भी निवेश निर्णय लेने से पहले हमेशा सर्टिफाइड एक्सपर्ट की सलाह लें। हिंदी में शेयर बाजार , स्टॉक मार्केट न्यूज़ , बिजनेस न्यूज़ , पर्सनल फाइनेंस और अन्य देश से जुड़ी खबरें सबसे पहले मनीकंट्रोल हिंदी पर पढ़ें. डेली मार्केट अपडेट के लिए Moneycontrol App डाउनलोड करें।","Stocks to Buy, Best Stocks India, Multibagger Stocks, Brokerage Picks, High Return Stocks, Infosys Stock, Dixon Technologies Share, CarTrade Tech Stock, TVS Motor Share, Tata Steel Stock, शेयर खरीदने के स्टॉक्स, बेस्ट स्टॉक्स इंडिया, मल्टीबैगर स्टॉक्स, ब्रोकरेज स्टॉक्स, हाई रिटर्न शेयर",Suneel Kumar,https://hindi.moneycontrol.com/news/markets/stocks-to-buy-7-companies-that-can-deliver-up-to-78-percent-return-brokerage-bullish-on-infosys-dixon-technologies-cartrade-tech-and-more-2389246.html,moneycontrol_hindi,hi
2026-04-07,2026-04-07 15:42,2026-04-07 15:42,2026-04-08,Infosys,INFY,"Stock Market Highlight: सेंसेक्स 510 अंक चढ़ा, निफ्टी 23120 के पार हुआ बंद, IT, मेटल, रियल्टी चमके","Stock Market Highlight: कारोबार के अंत में सेंसेक्स 509.73 अंक यानी 0.69 फीसदी की बढ़त के साथ 74,616.58 के स्तर पर बंद हुआ। वहीं निफ्टी 155.40 अंक यानी 0.68 फीसदी की बढ़त के साथ 23,123.65 के स्तर पर बंद हुआ।","Stock Market Highlight: भारतीय इक्विटी इंडेक्स 7 अप्रैल को उतार-चढ़ाव वाले सेशन में निफ्टी 23,100 के ऊपर मजबूती के साथ बंद हुए।निफ्टी में सबसे ज़्यादा बढ़त विप्रो, हिंडाल्को इंडस्ट्रीज, HCL टेक्नोलॉजीज, TCS, इंफोसिस में हुई, जबकि हारने वालों में डॉ रेड्डीज लैबोरेटरीज, अडानी एंटरप्राइजेज, इंटरग्लोब एविएशन, अपोलो हॉस्पिटल्स, अडानी पोर्ट्स शामिल थे।कंज्यूमर ड्यूरेबल्स और PSU बैंक को Stock Market Highlight: निफ्टी 23,120 के ऊपर, सेंसेक्स 510 पॉइंट्स बढ़कर हुआ बंद; IT, मेटल, रियल्टी चमके भारतीय इक्विटी इंडेक्स 7 अप्रैल को उतार-चढ़ाव वाले सेशन में निफ्टी 23,100 के ऊपर मजबूती के साथ बंद हुए। निफ्टी में सबसे ज़्यादा बढ़त विप्रो, हिंडाल्को इंडस्ट्रीज, HCL टेक्नोलॉजीज, TCS, इंफोसिस में हुई, जबकि हारने वालों में डॉ रेड्डीज लैबोरेटरीज, अडानी एंटरप्राइजेज, इंटरग्लोब एविएशन, अपोलो हॉस्पिटल्स, अडानी पोर्ट्स शामिल थे। कंज्यूमर ड्यूरेबल्स और PSU बैंक को छोड़कर, बाकी सभी सेक्टोरल इंडेक्स बढ़त के साथ बंद हुए, जिसमें इन्फॉर्मेशन टेक्नोलॉजी 2.5% बढ़ा, मेटल इंडेक्स 1.5% बढ़ा, रियल्टी इंडेक्स 1.7% बढ़ा और मीडिया इंडेक्स 1% उछला। निफ्टी मिडकैप इंडेक्स 0.3 प्रतिशत बढ़ा, जबकि स्मॉलकैप इंडेक्स सपाट बंद हुआ। Stock Market Live Update: कल्याण ज्वेलर्स ने Q4 में 64% रेवेन्यू ग्रोथ दर्ज की कंपनी ने Q4FY26 में पिछले फाइनेंशियल ईयर की इसी अवधि की तुलना में लगभग 64% की कंसोलिडेटेड रेवेन्यू ग्रोथ दर्ज की है।पूरे साल FY2026 के लिए, कंपनी ने पिछले साल की तुलना में कंसोलिडेटेड बेसिस पर लगभग 42% की रेवेन्यू ग्रोथ दर्ज की। Q4FY2025 की तुलना में Q4 FY2026 के दौरान इंडिया ऑपरेशन्स में 65% से ज़्यादा रेवेन्यू ग्रोथ देखी गई, जो मुख्य रूप से ज़्यादातर मुख्य मार्केट्स में मज़बूत सेम-स्टोर-सेल्स-ग्रोथ (SSSG) की वजह से हुई और इंटरनेशनल ऑपरेशन्स में लगभग 45% की रेवेन्यू ग्रोथ दर्ज की गई। तिमाही के दौरान, कंपनी ने इंडिया में 28 (नेट 24) कल्याण शोरूम और 14 कैंडेरे शोरूम लॉन्च किए।कल्याण ज्वेलर्स इंडिया का प्राइस Rs 6.30 या 1.50 परसेंट कम होकर Rs 414.15 पर था। इसने 437.45 रुपये का इंट्राडे हाई और 412.25 रुपये का इंट्राडे लो छुआ है। मार्केट्स@3 | सेंसेक्स 480 पॉइंट्स बढ़ा, निफ्टी 23100 के ऊपर सेंसेक्स 484.71 पॉइंट्स या 0.65 परसेंट बढ़कर 74,591.56 पर और निफ्टी 147.10 पॉइंट्स या 0.64 परसेंट बढ़कर 23,115.35 पर था। लगभग 2470 शेयर बढ़े, 1415 शेयर गिरे, और 132 शेयर बिना किसी बदलाव के रहे। Stock Market Live Update:  GE शिपिंग अपना 2003 में बना मीडियम रेंज टैंकर “जग पंखी” बेचेगी ग्रेट ईस्टर्न शिपिंग कंपनी ने अपना 2003 में बना मीडियम रेंज टैंकर जग पंखी, लगभग 46,273 dwt, एक अनएफिलिएटेड थर्ड पार्टी को बेचने का कॉन्ट्रैक्ट किया है।यह जहाज खरीदार को Q1 FY27 में डिलीवर किया जाएगा। ग्रेट ईस्टर्न शिपिंग कंपनी का भाव Rs 38.55 या 2.64 परसेंट कम होकर Rs 1,424 पर था। इसने Rs 1,462.55 का इंट्राडे हाई और Rs 1,410.10 का इंट्राडे लो छुआ है। यह 16,029 शेयरों के वॉल्यूम के साथ ट्रेड कर रहा था, जबकि इसके पांच दिन के एवरेज 29,758 शेयर थे, जो -46.14 परसेंट की कमी है। Stock Market Live Update: रिफेक्स इंडस्ट्रीज को 70.2 करोड़ रुपये का ऑर्डर मिला रिफेक्स इंडस्ट्रीज को बल्क इंडस्ट्रियल कमोडिटी की सप्लाई के लिए 70.2 करोड़ रुपये का ऑर्डर मिला है।रिफेक्स इंडस्ट्रीज का शेयर 0.05 रुपये या 0.02 प्रतिशत बढ़कर 213.05 रुपये पर था।इसने 216.90 रुपये का इंट्राडे हाई और 210.20 रुपये का इंट्राडे लो छुआ है।यह 36,013 शेयरों के वॉल्यूम के साथ ट्रेड कर रहा था, जबकि इसके पांच दिन के एवरेज 55,745 शेयरों के वॉल्यूम के मुकाबले इसमें -35.40 प्रतिशत की गिरावट आई है।पिछले ट्रेडिंग सेशन में, शेयर 4.26 प्रतिशत या 8.70 रुपये बढ़कर 213.00 रुपये पर बंद हुआ था। शेयर ने 09 जून, 2025 और 23 मार्च, 2026 को क्रम से 52-हफ़्ते का हाई 534.00 रुपये और 52-हफ़्ते का लो 188.00 रुपये छुआ। अभी, स्टॉक अपने 52-हफ़्ते के हाई से 60.1 प्रतिशत नीचे और अपने 52-हफ़्ते के लो से 13.32 प्रतिशत ऊपर ट्रेड कर रहा है। मार्केट कैपिटलाइज़ेशन 2,923.03 करोड़ रुपये है। Stock Market Live Update:Deep Industries का शेयर 9.5% चढ़ा स्मॉल-कैप स्टॉक Deep Industries में 6 अप्रैल को मंगलवार के सेशन में 9.5% की बढ़त हुई, और यह दिन के सबसे ऊंचे लेवल ₹487.50 पर पहुंच गया, जब कंपनी को ऑयल एंड नेचुरल गैस कॉर्पोरेशन (ONGC) से नया ऑर्डर मिला। कंपनी ने सोमवार को अपनी रेगुलेटरी फाइलिंग में कहा कि उसे ONGC से राजमुंदरी एसेट के तहत ONGC के मल्लेश्वरम फील्ड में नेचुरल गैस कंप्रेसर, गैस डिहाइड्रेशन और HC ड्यू-पॉइंट डिप्रेशन के लिए सर्विसेज़ हायर करने के लिए लेटर ऑफ़ अवार्ड मिला है। कंपनी ने यह भी कहा कि न तो प्रमोटर और न ही प्रमोटर ग्रुप कंपनियों का उस एंटिटी में कोई इंटरेस्ट है जिसने ऑर्डर दिया है। इसने आगे साफ किया कि यह ऑर्डर रिलेटेड-पार्टी ट्रांज़ैक्शन के तहत नहीं आता है। Stock Market Live Update: रुपया 93 के करीब रेंज में रह सकता है,  95 एक्शन के लिए ट्रिगर है, 100 की उम्मीद नहीं है भारतीय रुपया जल्द ही रेंज में रहने की उम्मीद है, फाइनेंस मिनिस्ट्री के अधिकारियों ने डॉलर के मुकाबले लगभग 92.5-94 के बड़े कम्फर्ट ज़ोन का संकेत दिया है, हालांकि उन्होंने माना कि मौजूदा लेवल “आइडियल नहीं” हैं, लेकिन मौजूदा ग्लोबल अनिश्चितताओं को दिखाते हैं। मार्केट्स@2 | उतार-चढ़ाव के बीच सेंसेक्स, निफ्टी में कोई बदलाव नहीं सेंसेक्स 29.88 पॉइंट्स या 0.04 प्रतिशत बढ़कर 74,136.73 पर और निफ्टी 13.65 पॉइंट्स या 0.06 प्रतिशत बढ़कर 22,981.90 पर था। लगभग 2451 शेयर बढ़े, 1372 शेयर गिरे, और 140 शेयर बिना किसी बदलाव के साथ कामकाज कर रहे हैं। Stock Market Live Update:बाजार ने मारा यू-टर्न, हरे निशान में ल","sensex, sensex today, live sensex updates, stock market, stock market updates, stock market today, share market, share market latest updates, BSE, NSE, nifty, nifty50, sensex share price, bse sensex, stock market latest updates, sensex latest updates, Stock market live updates, crude, msci index, hd",Moneycontrol Hindi,https://hindi.moneycontrol.com/news/markets/live-stock-market-today-april-7-updates-bse-nse-sensex-nifty-latest-news-crude-shyam-metalics-aurobindo-pharma-acme-solar-pds-deep-ind-godrej-consumer-creditaccess-share-price-liveblog-2389672.html,moneycontrol_hindi,hi
2026-04-08,2026-04-08 08:55,2026-04-08 08:55,2026-04-08,Infosys,INFY,"Stocks to Watch: ये तीन फैक्टर्स तय करेंगे मार्केट की चाल; Infosys, Biocon, Muthoot और SRF समेत इन स्टॉक्स पर रखें नजर","Stocks to Watch: गिफ्टी निफ्टी से आज घरेलू स्टॉक मार्केट में भारी बढ़त के साथ शुरुआत के संकेत मिल रहे हैं। ईरान और अमेरिका के बीच सीजफायर और आरबीआई के एमपीसी मीटिंग के फैसला आने के दिन आज मार्केट में तेज हलचल रह सकती है। इंट्रा-डे में बात करें तो इंफोसिस (Infosys), बायोकॉन (Biocon), मुथूट फाइनेंस (M","Stocks to Watch: दुनिया के अधिकतर बाजारों में मजबूत रुझानों के बीच गिफ्ट निफ्टी से घरेलू स्टॉक मार्केट में आज गैप अप के साथ शुरुआत के संकेत मिल रहे हैं। गिफ्ट निफ्टी में फिलहाल 2.86% की तेजी है। मार्केट पर आज तीन अहम बातों का असर दिख सकता है- एक तो अमेरिका और ईरान के बीच सीजफायर के ऐलान, दूसरा इस ऐलान के चलते क्रूड ऑयल में नरमी और तीसरा आरबीआई के एमपीसी की बैठक का आज फैसला आना है। आरबीआई ने रेपो रेट को लेकर क्या फैसला किया है, यह आज सामने आएगा। एक कारोबारी दिन पहले की बात करें तो 07 अप्रैल को निफ्टी की वीकली एक्सपायरी के दिन सेंसेक्स (Sensex) 509.73 प्वाइंट्स यानी 0.69% के उछाल के साथ 74,616.58 और निफ्टी 50 (Nifty 50) 155.40 प्वाइंट्स यानी 0.68% की बढ़त के साथ 23,123.65 पर बंद हुआ था। अब आज इंडिविजुअल स्टॉक्स की बात करें तो अपनी खास कॉरपोरेट एक्टिविटीज के चलते कुछ स्टॉक्स में तेज हलचल दिख सकती है। यहां इन शेयरों के बारे में डिटेल्स दी जा रही है। Stocks to Watch: इन स्टॉक्स पर रहेगी नजरें मार्च तिमाही में सालाना आधार पर आशियाना हाउसिंग का एरिया बुक्ड 32% बढ़कर 11.19 लाख स्क्वेयर फीट, बिकने वाले एरिया की वैल्यू 124.4% बढ़कर ₹1,289.7 करोड़ और यूनिट्स की संख्या बढ़कर 597 से 665 पर पहुंच गई। इंफोसिस ने दुनिया भर की कंपनियों को एजेंटिक एआई सॉफ्टवेयर डिलीवरी ट्रांसफॉर्मेशन को तेज करने के लिए हार्नेस के साथ एक रणनीतिक सहयोग का ऐलान किया है। गेल ने दिग्गज ग्रीक शिपिंग कंपनी अल्फा गैस के साथ एलएनजी ढोने वाली एनर्जी फिडेलिटी के लिए एक लॉन्ग टर्म चार्टर पार्टी एग्रीमेंट किया है। यह एग्रीमेंट गेल और अल्फा गैस की सिंगापुर स्थित सहयोगी कंपनी पैंथियन मैरीटाइम सर्विसेज के बीच हुआ। अरबिंदो फार्मा को अमेरिकी एफडीए से 5 मिलीग्राम/500 मिलीग्राम, 5 मिलीग्राम/1000 मिलीग्राम, 10 मिलीग्राम/500 मिलीग्राम और 10 मिलीग्राम/1000 मिलीग्राम की क्षमता वाली डैपाग्लिफ्लोजिन और मेटफॉर्मिन हाइड्रोक्लोराइड एक्सटेंडेड-रिलीज टैबलेट को बनाने और इसे बेचने के लिए फाइनल अप्रूवल मिल गया है। ये प्रोडक्ट्स कंपनी की सब्सिडरी एपीएल हेल्थेयर की यूनिट 4 में बनेगी और तुरंत लॉन्च किया जाएगा। इन दवाओं का इस्तेमाल टाइप-2 शुगर के मरीजों में ग्लाइसेमिक को कंट्रोल में लाने के लिए किया जाता है। बायोकॉन ने अमेरिका में बोसाया (डेनोसुमैब-केवाईक्यू) और औकेल्सो (डेनोसुमैब-केवाईक्यू) को कमर्शियल तौर पर लॉन्च कर दिया है। इन दोनों को अमेरिकी एफडीए ने पहले ही सितंबर 2025 में मंजूरी दे दी थी और बेचने की मंजूरी दी थी। स्वान डिफेंस एंड हैवी इंडस्ट्रीज को एनर्जी वन से 92,500 DWT क्षमता वाले चार डुएल-फ्यूल अमोनिलाय बल्क कैरियर बनाने के लिए ₹1,500-₹3,000 करोड़ का नया ऑर्डर मिला है। पहली बार ये भारत में बनेंगे। पहले वेसल की डिलीवरी अक्टूबर 2029 में होने की उम्मीद है। अरविंद स्मार्टस्पेस ने मुंबई के गोरेगांव (पश्चिम) में एक रेजिडेंशियल हाई-राइज प्रोजेक्ट के लिए सौदा किया है। इस प्रोजेक्ट से करीब ₹2,400 करोड़ की कमाई हो सकती है और इसमें करीब 6.7 लाख स्क्वेयर फुट एरिया बिक्री के लिए तैयार हो सकता है। यह प्रोजेक्ट सिग्मा ऑक्सफोर्ड रियल्टर्स के साथ साझेदारी में डेवलप की जा रही है। क्लीन मैक्स एनवायरो एनर्जी सॉल्यूशंस ने Kalavad में अपनी 185 मेगावाट की हाइब्रिड रिन्यूएबल एनर्जी प्रोजेक्ट के चालू होने का ऐलान किया है। इससे वित्त वर्ष 2027 में कंपनी के रेवेन्यू में सालाना ₹165 करोड़ की बढ़ोतरी होगी। इसे 12 महीने में डेवलप किया जाएगा और इससे 17 कॉरपोरेट कस्टमर्स को ग्रीन एनर्जी की सप्लाई होगी। भारतीय प्रतिस्पर्धा आयोग ने आदित्य बिड़ला कैपिटल की सहायक कंपनी आदित्य बिड़ला हाउसिंग फाइनेंस में एडवेंट इंटरनेशनल की एक एंटिटी इंद्रिया से करीब ₹2,750 करोड़ के प्राइमरी कैपिटल इंवेस्टमेंट को मंजूरी दे दी है। ड्रेजिंग कॉर्पोरेशन ऑफ इंडिया ने कोलंबो डॉकयार्ड पीएलसी के साथ एक एमओयू किया है, जिससे भारत और श्रीलंका के बीच क्षेत्रीय समुद्री सहयोग मजबूत हुआ है। 10 अप्रैल को मुथूट फाइनेंस के बोर्ड की बैठक में वित्त वर्ष 2026 के लिए अंतरिम डिविडेंड पर फैसला होगा। इनकम टैक्स डिपार्टमेंट की एसेसमेंट यूनिट ने एसआरएफ की टैक्सेबल इनकम में कुल ₹30.54 करोड़ की बढ़ोतरी की है। कंपनी का कहना है कि एक टेक्निकल एरर के चलते ₹327.44 करोड़ की टैक्स डिमांड बनी है जिसमें ₹101.77 करोड़ का ब्याज शामिल है और कंपनी का कहना है कि जब गलती सुधारी जाएगी तो मांग रद्द हो जाएगी। कंपनी ने इनकम टैक्स अपीलेट ट्रिब्यूनल के खिलाफ याचिका दायर की है। आदित्य बिड़ला रियल एस्टेट की सहायक कंपनी बिड़ला एस्टेट्स ने गुरुग्राम में अपने लग्जरी प्रोजेक्ट बिड़ला आरिका फेज 2 के लिए ₹1,600 करोड़ से अधिक की बुकिंग हासिल की है। लॉन्च के एक महीने के भीतर ही 156 में से 152 यूनिट यानी करीब 97% घर बिक गए। वरुण बेवरेजेज के शेयर आज एक्स-डिविडेंड ट्रेड करेंगे। ग्रेविटी इंडिया के राइट्स इश्यू की आज एक्स-डेट है। स्टॉक मार्केट में आज के लाइव अपडेट्स के लिए यहां जुड़ें आरबीआई के एमपीसी मीटिंग से जुड़े लाइव अपडेट्स के लिए यहां जुड़ें डिस्क्लेमर: यहां मुहैया जानकारी सिर्फ सूचना के लिए दी जा रही है। यहां बताना जरूरी है कि मार्केट में निवेश बाजार जोखिमों के अधीन है। निवेशक के तौर पर पैसा लगाने से पहले हमेशा एक्सपर्ट से सलाह लें। मनीकंट्रोल की तरफ से किसी को भी पैसा लगाने की यहां कभी भी सलाह नहीं दी जाती है। हिंदी में शेयर बाजार , स्टॉक मार्केट न्यूज़ , बिजनेस न्यूज़ , पर्सनल फाइनेंस और अन्य देश से जुड़ी खबरें सबसे पहले मनीकंट्रोल हिंदी पर पढ़ें. डेली मार्केट अपडेट के लिए Moneycontrol App डाउनलोड करें।","Stocks to watch, stocks in focus today, stocks in focus, share market today, top stocks, shares in focus today, shares today, today stocks to watch, trending stocks, trending stocks today, markets today, buzzing stocks, stocks today, stock market today,Ashiana Housing,Infosys,GAIL India,Aurobindo Ph",Jeevan Deep Vishawakarma,https://hindi.moneycontrol.com/news/markets/stocks-to-watch-today-infosys-aurobindo-pharma-swan-defence-arvind-smartspaces-cleanmax-in-focus-on-08-april-sensex-nifty-us-iran-war-rbi-mpc-repo-rate-2389996.html,moneycontrol_hindi,hi
2026-04-08,,2026-04-08 09:15,2026-04-08,Infosys,INFY,"AI, ट्रंप टैरिफ नहीं, इस नाकामी की वजह से डूब रही भारतीय आईटी इंडस्ट्री, Zoho फाउंडर का खुलासा",जोहो के संस्थापक श्रीधर वेम्बू ने कहा है कि भारत की सूचना प्रौद्योगिकी (आईटी) कंपनियों के कमजोर नतीजे आर्टिफिशियल इंटेलिजेंस और राष्ट्रपति ट्रंप द्वारा लगाए गए टैरिफ के वजह से नहीं है.,"जोहो के संस्थापक श्रीधर वेम्बू ने शुक्रवार को कहा कि भारत की सूचना प्रौद्योगिकी (आईटी) कंपनियों के नतीजों पर प्रभाव केवल आर्टिफिशियल इंटेलिजेंस (एआई) और अमेरिकी राष्ट्रपति डोनाल्ड ट्रंप के टैरिफ वजह नहीं हैं, बल्कि यह सॉफ्टवेयर इंडस्ट्री के प्रोडक्ट और सर्विस में अकुशल रहने का भी नतीजा है. गौरतलब है कि भारतीय आईटी कंपनियों टाटा कंसल्टेंसी सर्विसेज लिमिटेड, इंफोसिस और विप्रो ने इस सप्ताह अपनी चौथी तिमाही और पूरे साल के वित्तीय नतीजों की घोषणा की और कमजोर दृष्टिकोण दिया, जिससे बाजार में निराशा फैल गई. सोशल मीडिया प्लेटफॉर्म एक्स पर वेम्बू ने कहा, ""माई ऑपरेटिंग थीसिस : हम जो देख रहे हैं, वह सिर्फ साइकलिक डाउनटर्न नहीं है और यह केवल एआई से जुड़ा नहीं है. टैरिफ से जुड़ी अनिश्चितता के बिना भी परेशानी मौजूद थी. व्यापक सॉफ्टवेयर उद्योग उत्पादों और सेवाओं दोनों में काफी अकुशल रहा है."" वेम्बू ने कहा, ""दुख की बात है कि हमने भारत में बहुत सी अक्षमताओं को स्वीकार कर लिया है. हमारी नौकरियां उन पर निर्भर हो गई हैं. आईटी इंडस्ट्री ने उन प्रतिभाओं को खत्म कर दिया है, जो मैन्युफैक्चरिंग और इंफ्रास्ट्रक्चर के लिए बेहतर हो सकती थीं."" वेम्बू ने आगे कहा, ""हम अभी एक लंबी गणना के शुरुआती चरण में हैं. मेरा मानना ​​है कि पिछले 30 साल अगले 30 सालों के लिए अच्छे मार्गदर्शक नहीं हैं. हम वास्तव में एक महत्वपूर्ण मोड़ पर हैं. हमें अपनी धारणाओं को चुनौती देनी होगी और नए सिरे से सोचना होगा."" आईटी कंपनियां टैरिफ को लेकर फंसी हुई हैं, जिससे नए ऑर्डर और प्रोजेक्ट रैंप-अप में देरी हुई है. भारत की शीर्ष आईटी कंपनियों में से एक इंफोसिस ने वित्त वर्ष 2024-25 की चौथी तिमाही के लिए अपने कंसोलिडेटेड शुद्ध लाभ में सालाना आधार पर 11.7 प्रतिशत की गिरावट दर्ज की है, जो पिछले साल की समान तिमाही के 7,969 करोड़ की तुलना में वित्त वर्ष 2025 में 7,033 करोड़ रुपये रहा. इंफोसिस का राजस्व सालाना आधार पर लगभग 8 प्रतिशत बढ़कर 40,925 करोड़ रुपये हो गया, जबकि एक साल पहले की समान अवधि में यह 37,923 करोड़ रुपये था. कंपनी ने 21 प्रतिशत का परिचालन मार्जिन दर्ज किया, जो पिछली तिमाही के 21.3 प्रतिशत मार्जिन से थोड़ा कम है, लेकिन एक साल पहले इसी तिमाही के 20.1 प्रतिशत से अधिक है.","Zoho, Zoho Vembu, Vembu on Indian IT Sector, IT Sector Crisis, Vembu Zoho",,https://www.zeebiz.com/hindi/economy/zoho-founder-shreedhar-vembu-reveals-real-reason-of-it-sector-downfall-not-to-blame-ai-and-trump-tariff-210226,zee_business,hi
2026-04-08,2026-04-08 14:52,2026-04-08 14:52,2026-04-08,Infosys,INFY,"IT Stocks: चौतरफा तेजी के बीच भी क्यों गिरे आईटी शेयर? इंफोसिस, विप्रो, टेक महिंद्रा 1% से अधिक लुढ़के",IT Stocks: शेयर बाजार में रिकॉर्ड तेजी और चौतरफा खरीदारी के बावजूद IT सेक्टर की सुस्ती ने निवेशकों को हैरान कर दिया। सेंसेक्स और निफ्टी में कारोबार के दौरान जहां 3.5% तक की तेजी देखने को मिली। वहीं दूसरी ओर इंफोसिस (Infosys) और विप्रो (Wipro) जैसे दिग्गजों में बिकवाली देखी गई।,"IT Stocks: भारतीय शेयर बाजारों में बुधवार 8 अप्रैल को भारी तेजी देखने को मिली। हालांकि इस तेजी में IT सेक्टर पीछे रह गया। इंफोसिस और विप्रो जैसे दिग्गज आईटी शेयरों में बिकवाली देखने को मिली। दोपहर के कारोबार में, बीएसई सेंसेक्स 2,700 अंकों से ज्यादा यानी करीब 3.6% चढ़कर 77,300 के पार पहुंच गया। वहीं निफ्टी 800 अंकों से अधिक उछलकर 23,900 के ऊपर बना रहा। इसके उलट निफ्टी आईटी इंडेक्स 0.12% की मामूली बढ़त के साथ लगभग सपाट रहा। सुबह के कारोबार में यह इंडेक्स लाल निशान में भी था। शेयर बाजार में यह तेजी मुख्य रूप से मिडिल ईस्ट में तनाव कम होने और कच्चे तेल की कीमतों में तेज गिरावट के कारण आई। इसके चलते निवेशकों ने बैंकिंग, ऑटो और रियल एस्टेट जैसे घरेलू और साइक्लिकल सेक्टरों में जमकर खरीदारी की। इस बदलते माहौल में आईटी सेक्टर निवेशकों की प्राथमिकता से थोड़ा बाहर होता दिखा। आईटी शेयरों का प्रदर्शन बुधवार को मिलाजुला रहा। टाटा कंसल्टेंसी सर्विसेज (TCS) करीब 0.8% तक चढ़ गया। वहीं एलटीआई माइंडस्ट्री और कोफोर्ज में 1% से 1.3% तक की बढ़त देखी गई। HCL टेक्नोलॉजीज के शेयर हल्की बढ़त के साथ कारोबार करते दिखे। हालांकि दूसरी ओर विप्रो के शेयर करीब 0.6 प्रतिशत तक गिर गए। टेक महिंद्रा में 1 फीसदी से अधिक की गिरावट देखी गई। इंफोसिस के शेयर भी लाल निशान में बने हुए थे। आईटी कंपनियों के शेयरों में पिछले कुछ दिनों में अच्छी रिकवरी देखी गई थी। वैल्यूएशन में गिरावट और शॉर्ट कवरिंग के चलते निफ्टी IT इंडेक्स, मंगलवार तक के चार सेशंस में 7% से ज्यादा चढ़ चुका था। रुपये में कमजोरी और बेहतर तिमाही नतीजों की उम्मीद ने भी इस तेजी को सपोर्ट दिया था। अब निवेशकों की नजर आने वाले तिमाही नतीजों पर है। टाटा कंसल्टेंसी सर्विसेज (TCS) 9 अप्रैल को चौथी तिमाही के नतीजों के साथ सीजन की शुरुआत करेगी। इस नतीजे से पूरे आईटी सेक्टर की दिशा तय हो सकती है। एनालिस्ट्स का मानना है कि आईटी कंपनियों के मैनेजमेंट के बयान और डील पाइपलाइन पर अपडेट से यह साफ होगा कि मौजूदा ग्लोबल अनिश्चितताओं के बीच आईटी सेक्टर का आउटलुक कैसा रहेगा। यह भी पढ़ें- Share Market Rise: शेयर बाजार में तूफानी तेजी, सेंसेक्स 2900 अंक उछला; युद्ध विराम समेत ये हैं 7 बड़े कारण डिस्क्लेमरः Moneycontrol पर एक्सपर्ट्स/ब्रोकरेज फर्म्स की ओर से दिए जाने वाले विचार और निवेश सलाह उनके अपने होते हैं, न कि वेबसाइट और उसके मैनेजमेंट के। वेबसाइट या मैनेजमेंट इसके लिए उत्तरदाई नहीं है। Moneycontrol यूजर्स को सलाह देता है कि वह कोई भी निवेश निर्णय लेने के पहले सर्टिफाइड एक्सपर्ट से सलाह लें। हिंदी में शेयर बाजार , स्टॉक मार्केट न्यूज़ , बिजनेस न्यूज़ , पर्सनल फाइनेंस और अन्य देश से जुड़ी खबरें सबसे पहले मनीकंट्रोल हिंदी पर पढ़ें. डेली मार्केट अपडेट के लिए Moneycontrol App डाउनलोड करें।","it stocks, infosys shares, wipro shares, tech mahindra shares, information technology stocks today, infosys falls, Stocks news, Share market news, stock market news,",Vikrant singh,https://hindi.moneycontrol.com/news/markets/why-it-stocks-fall-despite-broad-market-rally-infosys-wipro-tech-mahindra-slip-over-1-percent-2390158.html,moneycontrol_hindi,hi
2026-04-09,,2026-04-09 09:15,2026-04-09,Infosys,INFY,"AI, ट्रंप टैरिफ नहीं, इस नाकामी की वजह से डूब रही भारतीय आईटी इंडस्ट्री, Zoho फाउंडर का खुलासा",जोहो के संस्थापक श्रीधर वेम्बू ने कहा है कि भारत की सूचना प्रौद्योगिकी (आईटी) कंपनियों के कमजोर नतीजे आर्टिफिशियल इंटेलिजेंस और राष्ट्रपति ट्रंप द्वारा लगाए गए टैरिफ के वजह से नहीं है.,"जोहो के संस्थापक श्रीधर वेम्बू ने शुक्रवार को कहा कि भारत की सूचना प्रौद्योगिकी (आईटी) कंपनियों के नतीजों पर प्रभाव केवल आर्टिफिशियल इंटेलिजेंस (एआई) और अमेरिकी राष्ट्रपति डोनाल्ड ट्रंप के टैरिफ वजह नहीं हैं, बल्कि यह सॉफ्टवेयर इंडस्ट्री के प्रोडक्ट और सर्विस में अकुशल रहने का भी नतीजा है. गौरतलब है कि भारतीय आईटी कंपनियों टाटा कंसल्टेंसी सर्विसेज लिमिटेड, इंफोसिस और विप्रो ने इस सप्ताह अपनी चौथी तिमाही और पूरे साल के वित्तीय नतीजों की घोषणा की और कमजोर दृष्टिकोण दिया, जिससे बाजार में निराशा फैल गई. सोशल मीडिया प्लेटफॉर्म एक्स पर वेम्बू ने कहा, ""माई ऑपरेटिंग थीसिस : हम जो देख रहे हैं, वह सिर्फ साइकलिक डाउनटर्न नहीं है और यह केवल एआई से जुड़ा नहीं है. टैरिफ से जुड़ी अनिश्चितता के बिना भी परेशानी मौजूद थी. व्यापक सॉफ्टवेयर उद्योग उत्पादों और सेवाओं दोनों में काफी अकुशल रहा है."" वेम्बू ने कहा, ""दुख की बात है कि हमने भारत में बहुत सी अक्षमताओं को स्वीकार कर लिया है. हमारी नौकरियां उन पर निर्भर हो गई हैं. आईटी इंडस्ट्री ने उन प्रतिभाओं को खत्म कर दिया है, जो मैन्युफैक्चरिंग और इंफ्रास्ट्रक्चर के लिए बेहतर हो सकती थीं."" वेम्बू ने आगे कहा, ""हम अभी एक लंबी गणना के शुरुआती चरण में हैं. मेरा मानना ​​है कि पिछले 30 साल अगले 30 सालों के लिए अच्छे मार्गदर्शक नहीं हैं. हम वास्तव में एक महत्वपूर्ण मोड़ पर हैं. हमें अपनी धारणाओं को चुनौती देनी होगी और नए सिरे से सोचना होगा."" आईटी कंपनियां टैरिफ को लेकर फंसी हुई हैं, जिससे नए ऑर्डर और प्रोजेक्ट रैंप-अप में देरी हुई है. भारत की शीर्ष आईटी कंपनियों में से एक इंफोसिस ने वित्त वर्ष 2024-25 की चौथी तिमाही के लिए अपने कंसोलिडेटेड शुद्ध लाभ में सालाना आधार पर 11.7 प्रतिशत की गिरावट दर्ज की है, जो पिछले साल की समान तिमाही के 7,969 करोड़ की तुलना में वित्त वर्ष 2025 में 7,033 करोड़ रुपये रहा. इंफोसिस का राजस्व सालाना आधार पर लगभग 8 प्रतिशत बढ़कर 40,925 करोड़ रुपये हो गया, जबकि एक साल पहले की समान अवधि में यह 37,923 करोड़ रुपये था. कंपनी ने 21 प्रतिशत का परिचालन मार्जिन दर्ज किया, जो पिछली तिमाही के 21.3 प्रतिशत मार्जिन से थोड़ा कम है, लेकिन एक साल पहले इसी तिमाही के 20.1 प्रतिशत से अधिक है.","Zoho, Zoho Vembu, Vembu on Indian IT Sector, IT Sector Crisis, Vembu Zoho",,https://www.zeebiz.com/hindi/economy/zoho-founder-shreedhar-vembu-reveals-real-reason-of-it-sector-downfall-not-to-blame-ai-and-trump-tariff-210226,zee_business,hi
2026-04-09,2026-04-09 12:43,2026-04-09 12:43,2026-04-09,Infosys,INFY,Top Technical Picks: कमजोर बाजार में भी शानदार टेक्निकल सेटअप वाले ये शेयर चमका सकते हैं आपकी किस्मत,"Top Technical Picks: एंजेल वन रिलेटिव स्ट्रेंथ और मल्टी टाइमफ्रेम पर इंडेक्स का सबसे मजबूत शेयर है। 200 WMA के बेहद अहम सपोर्ट पर शेयर में खरीदारी लौटी है। NAM INDIA में तेजी का जोरदार मोमेंटम देखने को मिला है। 200 DMA के ऊपर जोरदार ब्रेकआउट देखने को मिला है। एक ही कैंडल में 50 DMA, 100 DMA पार हो ग","Top Technical Picks : सीजफायर पर बने सस्पेंस और ट्रंप के पश्चिम एशिया में सेना के बने रहने वाले बयान से 9 अप्रैल को बाजार में ऊपरी स्तरों पर दबाव देखने को मिल रहा है। निफ्टी 150 प्वाइंट से ज्यादा फिसलकर 23850 के आसपास दिख रहा है। बैंक निफ्टी भी 300 प्वाइंट कमजोर हुआ है। हालांकि मिडकैप और स्मॉलकैप आज आउटपरफॉर्म कर रहे हैं। वोलैटिलिटी इंडेक्स INDIA VIX में हल्की बढ़त है। एंथ्रोपिक की ओर से नया मॉडल लॉन्च करने से IT शेयरों में आज सबसे ज्यादा गिरावट आई है। निफ्टी का आईटी इंडेक्स करीब 1 फीसदी फिसला है। IT में इन्फोसिस,LTIM और परसिस्टेंट 2 फीसदी से ज्यादा फिसले हैं। IT के अलावा रियल्टी,NBFCs और कंज्यूमर ड्यूरेबल शेयरों में भी दबाव। रियल्टी में DLF,गोदरेज प्रॉपर्टीज और NBCC 2% गिरे हैं। वहीं मेटल और फार्मा में हल्की खरीदारी देखने को मिल रही है। डिफेंस शेयरों में भी खरीदारी का मूड दिख रहा है। निफ्टी डिफेंस इंडेक्स करीब 1.5 फीसदी मजबूत दिख रहा है। कोचीन शिपयार्ड और गार्डनरीच 3 फीसदी उछले हैं। दूसरे डिफेंस शेयरों में भी जोश हाई है। उधर LNG खरीद पर रूस ने बड़ा डिस्काउंट दिया है। एशियाई खरीदारों को रूस से LNG खरीदने पर 40 फीसदी की छूट मिलेगी। इस खबर के बाद पेट्रोनेट LNG में निचले स्तरों से रिकवरी आई है। मिड स्मॉल फाइनेंशियल सर्विसेज/निफ्टी रेशियो चार्ट मिड स्मॉल फाइनेंशियल सर्विसेज रिलेटिव स्ट्रेंथ और मल्टी टाइमफ्रेम पर NSE के सबसे मजबूत सेक्टर्स में से एक है। मिड स्मॉल फाइनेंशियल सर्विसेस शेयर वीकली रेशियो चार्ट पर निफ्टी को आउटपरफॉर्म कर रहे हैं। यह इंडेक्स चार्ट पर एक साल के ट्रेंडलाइन सपोर्ट से आउटपरफॉर्म कर रहा है। निफ्टी मिड स्मॉल फाइनेंशियल सर्विसेस इंडेक्स में 30 शेयर शामिल किए गए हैं। ANGEL ONE: मिड स्मॉल फाइनेंशियल सर्विसेस में सबसे मजबूत एंजेल वन रिलेटिव स्ट्रेंथ और मल्टी टाइमफ्रेम पर इंडेक्स का सबसे मजबूत शेयर है। 200 WMA के बेहद अहम सपोर्ट पर शेयर में खरीदारी लौटी है। 4 हफ्ते से शेयर में HIGHER HIGHs, HIGHER LOWs बने हैं। एक ही कैंडल में 20 WEMA, 50 WMA, 100 WMA पार हो गया है। इसमें 6 गुना से ज्यादा का डिलिवरी वॉल्यूम नजर आया है। OI एक तिमाही के निचले स्तर पर है। इसमें वायदा में शॉर्ट-कवरिंग नजर आई है। AU BANK में तेजी का जोरदार मोमेंटम लौटा है। 200 DMA सपोर्ट पर खरीदारी लौटी है। एक ही कैंडल में 50 DMA, 100 DMA पार हो गया है। करीब दोगुना डिलिवरी वॉल्यूम देखने को मिला है। दो दिनों से वायदा में शॉर्ट-कवरिंग आई है। HDFC BANK में मार्च 2020 से चल रहे एंकर्ड VWAP से शानदार रिवर्सल देखने को मिला है। शेयर 200 WMA दोबारा हासिल करने के कगार पर है। इसमें जोरदार डिलिवरी वॉल्यूम देखने को मिला है। कल 4.17 करोड़ शेयरों की डिलिवरी उठी। वायदा में पिछले 4 सत्रों से शेयर में शॉर्ट-कवरिंग नजर आई है। NAM INDIA में तेजी का जोरदार मोमेंटम देखने को मिला है। 200 DMA के ऊपर जोरदार ब्रेकआउट आया है। एक ही कैंडल में 50 DMA, 100 DMA पार हो गया है। 5 गुना से ज्यादा का डिलिवरी वॉल्यूम देखने को मिला है। वायदा में जोरदार लॉन्ग बिल्ड-अप हुआ है। इस स्टॉक में लगातार 5 हफ्ते की गिरावट के बाद तेजी लौटी है। 50 WMA, 100 WMA सपोर्ट से शानदार रिवर्सल देखने को मिला है। 20 हफ्ते के औसत से ज्यादा का डिलिवरी वॉल्यूम देखने को मिला है। वायदा में तीन दिनों से शॉर्ट कवरिंग या लॉन्ग बिल्ड-अप हुआ है। Silver Gold Price Today : मिडिल ईस्ट संकट के चलते क्रूड में तेजी, सोने पर दबाव, जानिए आज कमोडिटी में कहां हो सकती है कमाई बेहद मजबूत बाजार में भी यह शेयर फिसला है। शेयर एक ही कैंडल में 10 DEMA, 20 DEMA के नीचे आ गया है। OI एक तिमाही की ऊंचाई पर है। ओपन इंटरेस्ट एक ही दिन में 20% बढ़ा है। वायदा में आक्रामक शॉर्ट बिल्ड-अप नजर आया है। डिस्क्लेमर: मनीकंट्रोल.कॉम पर दिए गए विचार एक्सपर्ट के अपने निजी विचार होते हैं। वेबसाइट या मैनेजमेंट इसके लिए उत्तरदाई नहीं है। यूजर्स को मनी कंट्रोल की सलाह है कि कोई भी निवेश निर्णय लेने से पहले सर्टिफाइड एक्सपर्ट की सलाह लें। हिंदी में शेयर बाजार , स्टॉक मार्केट न्यूज़ , बिजनेस न्यूज़ , पर्सनल फाइनेंस और अन्य देश से जुड़ी खबरें सबसे पहले मनीकंट्रोल हिंदी पर पढ़ें. डेली मार्केट अपडेट के लिए Moneycontrol App डाउनलोड करें।","Top Technical Picks, Technical Picks,COAL INDIA share price, SAMVARDHANA MOTHERSON share price, NAM INDIA share price, HDFC BANK share price,AU BANK share price, ANGEL ONE share price,टॉप टेक्निकल पिक्स,टेक्निकल पिक्स",Sudhanshu Dubey,https://hindi.moneycontrol.com/news/markets/top-technical-picks-even-in-a-weak-market-these-stocks-with-excellent-technical-setups-could-turn-your-fortune-around-hdfc-bank-au-bank-share-price-2390436.html,moneycontrol_hindi,hi
2026-04-09,2026-04-09 13:33,2026-04-09 13:33,2026-04-09,Infosys,INFY,"Stock Market Live Update: दिन के निचले स्तर पर बाजार, सेंसेक्स 935 अंक टूटा, निफ्टी 23750 के करीब","Stock Market Live Update: निफ्टी पर L&T, इंटरग्लोब एविएशन, HDFC बैंक, इंफोसिस, जियो फाइनेंशियल बड़े लूजर्स में से हैं, जबकि हिंडाल्को, NTPC, बजाज ऑटो, भारत इलेक्ट्रॉनिक्स, डॉ रेड्डीज लैब्स गेनर्स हैं। निफ्टी मिडकैप और स्मॉलकैप में 0.5% की बढ़त हुई। सेक्टोरल फ्रंट पर, IT, ऑयल एंड गैस, इंफ्रा और प्राइ","Stock Market Live Update: निफ्टी 100 प्वाइंट से ज्यादा फिसलकर 23,880 के पास कामकाज कर रहा है। बैंक निफ्टी भी 300 प्वाइंट कमजोर हुआ। हालांकि मिडकैप और स्मॉलकैप आज OUTPERFORM कर रहे हैं। एंथ्रोपिक की ओर से नया मॉडल लॉन्च करने से IT शेयरों में आज सबसे ज्यादा गिरावट देखने को मिला। IT के अलावा रियल्टी, NBFCs और कंज्यूमर ड्यूरेबल शेयरों में भी दबाव दिखा। रियल्टी में DLF, गोदरेज प्रॉपर्ट Share Market News Live: BHEL ने कोरिया की कंपनी E2S के साथ करार किया BHEL ने कोरिया की कंपनी E2S के साथ करार किया है। तकनीकी सहयोग के लिए करार किया। Stock  Market live Update News: NHPC को हाइड्रो इलेक्ट्रिक प्रोजेक्ट के कंस्ट्रक्शन में इन्वेस्टमेंट के लिए CCI से मंज़ूरी मिली आर्थिक मामलों की कैबिनेट कमिटी (CCEA) ने अरुणाचल प्रदेश के कामले, क्रा दादी और कुरुंग कुमे ज़िलों में 1,720 MW के कमला हाइड्रो इलेक्ट्रिक प्रोजेक्ट (HEP) के कंस्ट्रक्शन के लिए 26,069.50 करोड़ रुपये के इन्वेस्टमेंट को मंज़ूरी दे दी है। प्रोजेक्ट के पूरा होने का अनुमानित समय 96 महीने है। कमला HEP की इंस्टॉल्ड कैपेसिटी 1,720 MW (8 x 210 MW और 1 x 40 MW) है, जिससे हर साल 6,870 MUs एनर्जी पैदा होने की उम्मीद है। यह प्रोजेक्ट NHPC और अरुणाचल प्रदेश सरकार के बीच एक जॉइंट वेंचर कंपनी के ज़रिए पूरा किया जाएगा। NHPC का भाव 0.37 रुपये या 0.48 प्रतिशत बढ़कर 77.04 रुपये था।यह इंट्राडे में 78.55 रुपये के हाई और 76.76 रुपये के इंट्राडे लो पर पहुंच गया है।यह 1,120,156 शेयरों के वॉल्यूम के साथ ट्रेड कर रहा था, जबकि इसके पांच दिन के एवरेज 417,256 शेयरों के साथ, यानी 168.46 प्रतिशत की बढ़ोतरी हुई। Sensex Today @2: सेंसेक्स 890 पॉइंट्स नीचे, निफ्टी 23770 पर सेंसेक्स 889.90 पॉइंट्स या 1.15 परसेंट नीचे 76,673.00 पर था, और निफ्टी 226.75 पॉइंट्स या 0.94 परसेंट नीचे 23,770.60 पर था। लगभग 1884 शेयर बढ़े, 1992 शेयर गिरे, और 140 शेयर बिना बदले। Share Market News Live: रेडटेप ने इंटरनेशनल स्पोर्ट्स फुटवियर ब्रांड स्प्रैंडी को खरीदा कंपनी ने भारत, नेपाल, भूटान और श्रीलंका के लिए इंटरनेशनल स्पोर्ट्स फुटवियर ब्रांड स्प्रैंडी को खरीदा है।कंपनी इस ब्रांड को बहुत जल्द ऑनलाइन और रिटेल स्टोर के ज़रिए बड़े वॉल्यूम के साथ भारतीय बाज़ार में लॉन्च करेगी। रेडटेप का शेयर 0.35 रुपये या 0.29 प्रतिशत बढ़कर 122 रुपये पर था। इसने 128.95 रुपये का इंट्राडे हाई और 121.60 रुपये का इंट्राडे लो छुआ है। यह 57,779 शेयरों के वॉल्यूम के साथ ट्रेड कर रहा था, जबकि इसके पांच दिन के एवरेज 17,324 शेयर थे, जो 233.52 प्रतिशत की बढ़ोतरी है। Share Market News Live: Aपावर इक्विपमेंट कंपनियों पर JP MORGAN की बुलिश रिपोर्ट, शेयरों में तेजी पावर इक्विपमेंट कंपनियों पर JP MORGAN की बुलिश रिपोर्ट के बाद हिताची 5 परसेंट ऊपर चढ़ा। GV VERNOVA में भी ऊपर कामकाज कर रहा। जेपी मॉर्गन ने कहा कि HV इक्विपमेंट बनाने वाली कंपनियां मजबूत ग्रोथ साइकल में हैं । रिन्यूएबल एनर्जी और ग्रिड विस्तार में ग्रोथ से सपोर्ट मिल रहा है। 3-4 साल के लिए आउटलुक मजबूत है। भारत की 470 GW सोलर और विंड क्षमता जोड़ने की योजना है। ग्लोबल डिमांड के चलते एक्सपोर्ट ग्रोथ को सपोर्ट मिलेगा। Anand Rathi Wealth Q4 Results: मार्च तिमाही में मुनाफा 40% बढ़ा वेल्थ मैनेजमेंट कंपनी आनंद राठी वेल्थ ने जनवरी-मार्च 2026 तिमाही के लिए वित्तीय नतीजे घोषित कर दिए हैं। साथ ही डिविडेंड और बोनस शेयरों की भी घोषणा की है। सबसे पहले बात करते हैं नतीजों की। तिमाही के दौरान कंपनी का ऑपरेशंस से कंसोलिडेटेड रेवेन्यू सालाना आधार पर 29.6 प्रतिशत बढ़कर 287.82 करोड़ रुपये हो गया। एक साल पहले रेवेन्यू 221.95 करोड़ रुपये था। शुद्ध कंसोलिडेटेड मुनाफा 40.5 प्रतिशत की बढ़ोतरी के साथ 103.08 करोड़ रुपये हो गया, जो मार्च 2025 तिमाही में 73.36 करोड़ रुपये था। , Stock Market News Live; डॉली खन्ना के Q4 में 1% हिस्सेदारी खरीदने से रेन इंडस्ट्रीज के शेयर की कीमत 6% बढ़ी रेन इंडस्ट्रीज के शेयर की कीमत ने गुरुवार को BSE पर कमजोर मार्केट ट्रेंड को धता बताते हुए लगभग 6 परसेंट की बढ़त हासिल की। ​​स्टॉक में वॉल्यूम के हिसाब से यह बढ़त तब हुई जब मशहूर इन्वेस्टर डॉली खन्ना का नाम कंपनी के शेयरहोल्डर्स में आया।BSE पर अब तक लगभग 0.137 मिलियन शेयरों का लेन-देन हो चुका है, जबकि दो हफ़्ते का एवरेज वॉल्यूम 0.132 मिलियन शेयर रहा है। रेन इंडस्ट्रीज के आज शेयर किए गए लेटेस्ट शेयरहोल्डिंग पैटर्न डेटा के मुताबिक, मार्च 2026 (Q4FY26) तिमाही के आखिर में डॉली खन्ना के पास 35,35,895 (3.53 मिलियन) शेयर थे। यह रेन इंडस्ट्रीज में 1.05 परसेंट हिस्सेदारी के बराबर है। डॉली खन्ना '₹2 लाख से ज़्यादा के नॉमिनल शेयर कैपिटल वाले रेजिडेंट इंडिविजुअल्स' शेयरहोल्डर कैटेगरी में आती हैं। Share Market News Live: BOSCH पर यूबीएस की राय UBS ने BOSCH पर सेल कॉल देते हुए 27,920 रुपए का टारगेट दिया है। ब्रोकरेज का कहना है कि कंपनी ने है। बॉश चेसिस सिस्टम में पूरा 100% हिस्सा खरीदा है। 9070 करोड़ में पूरी हिस्सेदारी खरीदी गई है। ABS, ESC और एडवांस ब्रेकिंग पर बॉश चेसिस सिस्टम का फोकस। कैश के जरिए डील की ज्यादा फंडिंग हुई है। इसमें इक्विटी का हिस्सा कम है। 10.6x EV/FY25 EBITDA वैल्युशन पर डील हुई है। Share Market News Live:  KEC इंटरनेशनल को 2,518 करोड़ रुपये के ऑर्डर मिला कंपनी को सिविल, ट्रांसपोर्टेशन और डिस्ट्रीब्यूशन, और केबल और कंडक्टर सेगमेंट में 2,518 करोड़ रुपये के ऑर्डर मिले हैं।KEC इंटरनेशनल का शेयर 14.70 रुपये या 2.59 प्रतिशत बढ़कर 582.65 रुपये पर था।इसने 617.50 रुपये का इंट्राडे हाई और 581.45 रुपये का इंट्राडे लो छुआ है।यह 1,076,840 शेयरों के वॉल्यूम के साथ ट्रेड कर रहा था, जबकि इसके पांच दिन के एवरेज 312,731 शेयर थे, जो 244.33 प्रतिशत की बढ","Stock Market Live Update, Stock Market News Live, Share Market News Live, Stock  Market live Update News,बिजनेस न्यूज़, शेयर मार्केट न्यूज़, व्यापार समाचार, Business News in Hindi, शेयर मार्केट लाइव, बिजनेस न्यूज़, शेयर मार्केट न्यूज़, स्टॉक न्यूज़, व्यापार समाचार,",Moneycontrol Hindi,https://hindi.moneycontrol.com/news/markets/live-stock-market-today-april-9-updates-bse-nse-sensex-nifty-latest-news-crude-info-edge-kec-international-rites-nhpc-ntpc-share-price-liveblog-2390284.html,moneycontrol_hindi,hi
2026-04-09,2026-04-09 14:22,2026-04-09 14:22,2026-04-09,Infosys,INFY,"Stock Market Live Update: बाजार में हावी हुए मंदड़िए , सेंसेक्स 950 अंक टूटा,  निफ्टी 23750 के आसपास","Stock Market Live Update: निफ्टी पर L&T, इंटरग्लोब एविएशन, HDFC बैंक, इंफोसिस, जियो फाइनेंशियल बड़े लूजर्स में से हैं, जबकि हिंडाल्को, NTPC, बजाज ऑटो, भारत इलेक्ट्रॉनिक्स, डॉ रेड्डीज लैब्स गेनर्स हैं। निफ्टी मिडकैप और स्मॉलकैप में 0.5% की बढ़त हुई। सेक्टोरल फ्रंट पर, IT, ऑयल एंड गैस, इंफ्रा और प्राइ","Stock Market Live Update: निफ्टी 100 प्वाइंट से ज्यादा फिसलकर 23,880 के पास कामकाज कर रहा है। बैंक निफ्टी भी 300 प्वाइंट कमजोर हुआ। हालांकि मिडकैप और स्मॉलकैप आज OUTPERFORM कर रहे हैं। एंथ्रोपिक की ओर से नया मॉडल लॉन्च करने से IT शेयरों में आज सबसे ज्यादा गिरावट देखने को मिला। IT के अलावा रियल्टी, NBFCs और कंज्यूमर ड्यूरेबल शेयरों में भी दबाव दिखा। रियल्टी में DLF, गोदरेज प्रॉपर्ट Share Market News Live: BHEL ने कोरिया की कंपनी E2S के साथ करार किया BHEL ने कोरिया की कंपनी E2S के साथ करार किया है। तकनीकी सहयोग के लिए करार किया। Stock  Market live Update News: NHPC को हाइड्रो इलेक्ट्रिक प्रोजेक्ट के कंस्ट्रक्शन में इन्वेस्टमेंट के लिए CCI से मंज़ूरी मिली आर्थिक मामलों की कैबिनेट कमिटी (CCEA) ने अरुणाचल प्रदेश के कामले, क्रा दादी और कुरुंग कुमे ज़िलों में 1,720 MW के कमला हाइड्रो इलेक्ट्रिक प्रोजेक्ट (HEP) के कंस्ट्रक्शन के लिए 26,069.50 करोड़ रुपये के इन्वेस्टमेंट को मंज़ूरी दे दी है। प्रोजेक्ट के पूरा होने का अनुमानित समय 96 महीने है। कमला HEP की इंस्टॉल्ड कैपेसिटी 1,720 MW (8 x 210 MW और 1 x 40 MW) है, जिससे हर साल 6,870 MUs एनर्जी पैदा होने की उम्मीद है। यह प्रोजेक्ट NHPC और अरुणाचल प्रदेश सरकार के बीच एक जॉइंट वेंचर कंपनी के ज़रिए पूरा किया जाएगा। NHPC का भाव 0.37 रुपये या 0.48 प्रतिशत बढ़कर 77.04 रुपये था।यह इंट्राडे में 78.55 रुपये के हाई और 76.76 रुपये के इंट्राडे लो पर पहुंच गया है।यह 1,120,156 शेयरों के वॉल्यूम के साथ ट्रेड कर रहा था, जबकि इसके पांच दिन के एवरेज 417,256 शेयरों के साथ, यानी 168.46 प्रतिशत की बढ़ोतरी हुई। Sensex Today @2: सेंसेक्स 890 पॉइंट्स नीचे, निफ्टी 23770 पर सेंसेक्स 889.90 पॉइंट्स या 1.15 परसेंट नीचे 76,673.00 पर था, और निफ्टी 226.75 पॉइंट्स या 0.94 परसेंट नीचे 23,770.60 पर था। लगभग 1884 शेयर बढ़े, 1992 शेयर गिरे, और 140 शेयर बिना बदले। Share Market News Live: रेडटेप ने इंटरनेशनल स्पोर्ट्स फुटवियर ब्रांड स्प्रैंडी को खरीदा कंपनी ने भारत, नेपाल, भूटान और श्रीलंका के लिए इंटरनेशनल स्पोर्ट्स फुटवियर ब्रांड स्प्रैंडी को खरीदा है।कंपनी इस ब्रांड को बहुत जल्द ऑनलाइन और रिटेल स्टोर के ज़रिए बड़े वॉल्यूम के साथ भारतीय बाज़ार में लॉन्च करेगी। रेडटेप का शेयर 0.35 रुपये या 0.29 प्रतिशत बढ़कर 122 रुपये पर था। इसने 128.95 रुपये का इंट्राडे हाई और 121.60 रुपये का इंट्राडे लो छुआ है। यह 57,779 शेयरों के वॉल्यूम के साथ ट्रेड कर रहा था, जबकि इसके पांच दिन के एवरेज 17,324 शेयर थे, जो 233.52 प्रतिशत की बढ़ोतरी है। Share Market News Live: Aपावर इक्विपमेंट कंपनियों पर JP MORGAN की बुलिश रिपोर्ट, शेयरों में तेजी पावर इक्विपमेंट कंपनियों पर JP MORGAN की बुलिश रिपोर्ट के बाद हिताची 5 परसेंट ऊपर चढ़ा। GV VERNOVA में भी ऊपर कामकाज कर रहा। जेपी मॉर्गन ने कहा कि HV इक्विपमेंट बनाने वाली कंपनियां मजबूत ग्रोथ साइकल में हैं । रिन्यूएबल एनर्जी और ग्रिड विस्तार में ग्रोथ से सपोर्ट मिल रहा है। 3-4 साल के लिए आउटलुक मजबूत है। भारत की 470 GW सोलर और विंड क्षमता जोड़ने की योजना है। ग्लोबल डिमांड के चलते एक्सपोर्ट ग्रोथ को सपोर्ट मिलेगा। Anand Rathi Wealth Q4 Results: मार्च तिमाही में मुनाफा 40% बढ़ा वेल्थ मैनेजमेंट कंपनी आनंद राठी वेल्थ ने जनवरी-मार्च 2026 तिमाही के लिए वित्तीय नतीजे घोषित कर दिए हैं। साथ ही डिविडेंड और बोनस शेयरों की भी घोषणा की है। सबसे पहले बात करते हैं नतीजों की। तिमाही के दौरान कंपनी का ऑपरेशंस से कंसोलिडेटेड रेवेन्यू सालाना आधार पर 29.6 प्रतिशत बढ़कर 287.82 करोड़ रुपये हो गया। एक साल पहले रेवेन्यू 221.95 करोड़ रुपये था। शुद्ध कंसोलिडेटेड मुनाफा 40.5 प्रतिशत की बढ़ोतरी के साथ 103.08 करोड़ रुपये हो गया, जो मार्च 2025 तिमाही में 73.36 करोड़ रुपये था। , Stock Market News Live; डॉली खन्ना के Q4 में 1% हिस्सेदारी खरीदने से रेन इंडस्ट्रीज के शेयर की कीमत 6% बढ़ी रेन इंडस्ट्रीज के शेयर की कीमत ने गुरुवार को BSE पर कमजोर मार्केट ट्रेंड को धता बताते हुए लगभग 6 परसेंट की बढ़त हासिल की। ​​स्टॉक में वॉल्यूम के हिसाब से यह बढ़त तब हुई जब मशहूर इन्वेस्टर डॉली खन्ना का नाम कंपनी के शेयरहोल्डर्स में आया।BSE पर अब तक लगभग 0.137 मिलियन शेयरों का लेन-देन हो चुका है, जबकि दो हफ़्ते का एवरेज वॉल्यूम 0.132 मिलियन शेयर रहा है। रेन इंडस्ट्रीज के आज शेयर किए गए लेटेस्ट शेयरहोल्डिंग पैटर्न डेटा के मुताबिक, मार्च 2026 (Q4FY26) तिमाही के आखिर में डॉली खन्ना के पास 35,35,895 (3.53 मिलियन) शेयर थे। यह रेन इंडस्ट्रीज में 1.05 परसेंट हिस्सेदारी के बराबर है। डॉली खन्ना '₹2 लाख से ज़्यादा के नॉमिनल शेयर कैपिटल वाले रेजिडेंट इंडिविजुअल्स' शेयरहोल्डर कैटेगरी में आती हैं। Share Market News Live: BOSCH पर यूबीएस की राय UBS ने BOSCH पर सेल कॉल देते हुए 27,920 रुपए का टारगेट दिया है। ब्रोकरेज का कहना है कि कंपनी ने है। बॉश चेसिस सिस्टम में पूरा 100% हिस्सा खरीदा है। 9070 करोड़ में पूरी हिस्सेदारी खरीदी गई है। ABS, ESC और एडवांस ब्रेकिंग पर बॉश चेसिस सिस्टम का फोकस। कैश के जरिए डील की ज्यादा फंडिंग हुई है। इसमें इक्विटी का हिस्सा कम है। 10.6x EV/FY25 EBITDA वैल्युशन पर डील हुई है। Share Market News Live:  KEC इंटरनेशनल को 2,518 करोड़ रुपये के ऑर्डर मिला कंपनी को सिविल, ट्रांसपोर्टेशन और डिस्ट्रीब्यूशन, और केबल और कंडक्टर सेगमेंट में 2,518 करोड़ रुपये के ऑर्डर मिले हैं।KEC इंटरनेशनल का शेयर 14.70 रुपये या 2.59 प्रतिशत बढ़कर 582.65 रुपये पर था।इसने 617.50 रुपये का इंट्राडे हाई और 581.45 रुपये का इंट्राडे लो छुआ है।यह 1,076,840 शेयरों के वॉल्यूम के साथ ट्रेड कर रहा था, जबकि इसके पांच दिन के एवरेज 312,731 शेयर थे, जो 244.33 प्रतिशत की बढ","Stock Market Live Update, Stock Market News Live, Share Market News Live, Stock  Market live Update News,बिजनेस न्यूज़, शेयर मार्केट न्यूज़, व्यापार समाचार, Business News in Hindi, शेयर मार्केट लाइव, बिजनेस न्यूज़, शेयर मार्केट न्यूज़, स्टॉक न्यूज़, व्यापार समाचार,",Moneycontrol Hindi,https://hindi.moneycontrol.com/news/markets/live-stock-market-today-april-9-updates-bse-nse-sensex-nifty-latest-news-crude-info-edge-kec-international-rites-nhpc-ntpc-share-price-liveblog-2390284.html,moneycontrol_hindi,hi
2026-04-09,2026-04-09 16:38,2026-04-09 16:38,2026-04-10,Infosys,INFY,"AI, ट्रंप टैरिफ नहीं, इस नाकामी की वजह से डूब रही भारतीय आईटी इंडस्ट्री, Zoho फाउंडर का खुलासा",जोहो के संस्थापक श्रीधर वेम्बू ने कहा है कि भारत की सूचना प्रौद्योगिकी (आईटी) कंपनियों के कमजोर नतीजे आर्टिफिशियल इंटेलिजेंस और राष्ट्रपति ट्रंप द्वारा लगाए गए टैरिफ के वजह से नहीं है.,"जोहो के संस्थापक श्रीधर वेम्बू ने शुक्रवार को कहा कि भारत की सूचना प्रौद्योगिकी (आईटी) कंपनियों के नतीजों पर प्रभाव केवल आर्टिफिशियल इंटेलिजेंस (एआई) और अमेरिकी राष्ट्रपति डोनाल्ड ट्रंप के टैरिफ वजह नहीं हैं, बल्कि यह सॉफ्टवेयर इंडस्ट्री के प्रोडक्ट और सर्विस में अकुशल रहने का भी नतीजा है. गौरतलब है कि भारतीय आईटी कंपनियों टाटा कंसल्टेंसी सर्विसेज लिमिटेड, इंफोसिस और विप्रो ने इस सप्ताह अपनी चौथी तिमाही और पूरे साल के वित्तीय नतीजों की घोषणा की और कमजोर दृष्टिकोण दिया, जिससे बाजार में निराशा फैल गई. सोशल मीडिया प्लेटफॉर्म एक्स पर वेम्बू ने कहा, ""माई ऑपरेटिंग थीसिस : हम जो देख रहे हैं, वह सिर्फ साइकलिक डाउनटर्न नहीं है और यह केवल एआई से जुड़ा नहीं है. टैरिफ से जुड़ी अनिश्चितता के बिना भी परेशानी मौजूद थी. व्यापक सॉफ्टवेयर उद्योग उत्पादों और सेवाओं दोनों में काफी अकुशल रहा है."" वेम्बू ने कहा, ""दुख की बात है कि हमने भारत में बहुत सी अक्षमताओं को स्वीकार कर लिया है. हमारी नौकरियां उन पर निर्भर हो गई हैं. आईटी इंडस्ट्री ने उन प्रतिभाओं को खत्म कर दिया है, जो मैन्युफैक्चरिंग और इंफ्रास्ट्रक्चर के लिए बेहतर हो सकती थीं."" वेम्बू ने आगे कहा, ""हम अभी एक लंबी गणना के शुरुआती चरण में हैं. मेरा मानना ​​है कि पिछले 30 साल अगले 30 सालों के लिए अच्छे मार्गदर्शक नहीं हैं. हम वास्तव में एक महत्वपूर्ण मोड़ पर हैं. हमें अपनी धारणाओं को चुनौती देनी होगी और नए सिरे से सोचना होगा."" आईटी कंपनियां टैरिफ को लेकर फंसी हुई हैं, जिससे नए ऑर्डर और प्रोजेक्ट रैंप-अप में देरी हुई है. भारत की शीर्ष आईटी कंपनियों में से एक इंफोसिस ने वित्त वर्ष 2024-25 की चौथी तिमाही के लिए अपने कंसोलिडेटेड शुद्ध लाभ में सालाना आधार पर 11.7 प्रतिशत की गिरावट दर्ज की है, जो पिछले साल की समान तिमाही के 7,969 करोड़ की तुलना में वित्त वर्ष 2025 में 7,033 करोड़ रुपये रहा. इंफोसिस का राजस्व सालाना आधार पर लगभग 8 प्रतिशत बढ़कर 40,925 करोड़ रुपये हो गया, जबकि एक साल पहले की समान अवधि में यह 37,923 करोड़ रुपये था. कंपनी ने 21 प्रतिशत का परिचालन मार्जिन दर्ज किया, जो पिछली तिमाही के 21.3 प्रतिशत मार्जिन से थोड़ा कम है, लेकिन एक साल पहले इसी तिमाही के 20.1 प्रतिशत से अधिक है.","Zoho, Zoho Vembu, Vembu on Indian IT Sector, IT Sector Crisis, Vembu Zoho",,https://www.zeebiz.com/hindi/economy/zoho-founder-shreedhar-vembu-reveals-real-reason-of-it-sector-downfall-not-to-blame-ai-and-trump-tariff-210226,zee_business,hi
2026-04-10,,2026-04-10 09:15,2026-04-10,Infosys,INFY,"AI, ट्रंप टैरिफ नहीं, इस नाकामी की वजह से डूब रही भारतीय आईटी इंडस्ट्री, Zoho फाउंडर का खुलासा",जोहो के संस्थापक श्रीधर वेम्बू ने कहा है कि भारत की सूचना प्रौद्योगिकी (आईटी) कंपनियों के कमजोर नतीजे आर्टिफिशियल इंटेलिजेंस और राष्ट्रपति ट्रंप द्वारा लगाए गए टैरिफ के वजह से नहीं है.,"जोहो के संस्थापक श्रीधर वेम्बू ने शुक्रवार को कहा कि भारत की सूचना प्रौद्योगिकी (आईटी) कंपनियों के नतीजों पर प्रभाव केवल आर्टिफिशियल इंटेलिजेंस (एआई) और अमेरिकी राष्ट्रपति डोनाल्ड ट्रंप के टैरिफ वजह नहीं हैं, बल्कि यह सॉफ्टवेयर इंडस्ट्री के प्रोडक्ट और सर्विस में अकुशल रहने का भी नतीजा है. गौरतलब है कि भारतीय आईटी कंपनियों टाटा कंसल्टेंसी सर्विसेज लिमिटेड, इंफोसिस और विप्रो ने इस सप्ताह अपनी चौथी तिमाही और पूरे साल के वित्तीय नतीजों की घोषणा की और कमजोर दृष्टिकोण दिया, जिससे बाजार में निराशा फैल गई. सोशल मीडिया प्लेटफॉर्म एक्स पर वेम्बू ने कहा, ""माई ऑपरेटिंग थीसिस : हम जो देख रहे हैं, वह सिर्फ साइकलिक डाउनटर्न नहीं है और यह केवल एआई से जुड़ा नहीं है. टैरिफ से जुड़ी अनिश्चितता के बिना भी परेशानी मौजूद थी. व्यापक सॉफ्टवेयर उद्योग उत्पादों और सेवाओं दोनों में काफी अकुशल रहा है."" वेम्बू ने कहा, ""दुख की बात है कि हमने भारत में बहुत सी अक्षमताओं को स्वीकार कर लिया है. हमारी नौकरियां उन पर निर्भर हो गई हैं. आईटी इंडस्ट्री ने उन प्रतिभाओं को खत्म कर दिया है, जो मैन्युफैक्चरिंग और इंफ्रास्ट्रक्चर के लिए बेहतर हो सकती थीं."" वेम्बू ने आगे कहा, ""हम अभी एक लंबी गणना के शुरुआती चरण में हैं. मेरा मानना ​​है कि पिछले 30 साल अगले 30 सालों के लिए अच्छे मार्गदर्शक नहीं हैं. हम वास्तव में एक महत्वपूर्ण मोड़ पर हैं. हमें अपनी धारणाओं को चुनौती देनी होगी और नए सिरे से सोचना होगा."" आईटी कंपनियां टैरिफ को लेकर फंसी हुई हैं, जिससे नए ऑर्डर और प्रोजेक्ट रैंप-अप में देरी हुई है. भारत की शीर्ष आईटी कंपनियों में से एक इंफोसिस ने वित्त वर्ष 2024-25 की चौथी तिमाही के लिए अपने कंसोलिडेटेड शुद्ध लाभ में सालाना आधार पर 11.7 प्रतिशत की गिरावट दर्ज की है, जो पिछले साल की समान तिमाही के 7,969 करोड़ की तुलना में वित्त वर्ष 2025 में 7,033 करोड़ रुपये रहा. इंफोसिस का राजस्व सालाना आधार पर लगभग 8 प्रतिशत बढ़कर 40,925 करोड़ रुपये हो गया, जबकि एक साल पहले की समान अवधि में यह 37,923 करोड़ रुपये था. कंपनी ने 21 प्रतिशत का परिचालन मार्जिन दर्ज किया, जो पिछली तिमाही के 21.3 प्रतिशत मार्जिन से थोड़ा कम है, लेकिन एक साल पहले इसी तिमाही के 20.1 प्रतिशत से अधिक है.","Zoho, Zoho Vembu, Vembu on Indian IT Sector, IT Sector Crisis, Vembu Zoho",,https://www.zeebiz.com/hindi/economy/zoho-founder-shreedhar-vembu-reveals-real-reason-of-it-sector-downfall-not-to-blame-ai-and-trump-tariff-210226,zee_business,hi
2026-04-10,2026-04-10 10:45,2026-04-10 10:45,2026-04-10,Infosys,INFY,"Market trend : पश्चिम एशिया में शांति की उम्मीदों के बीच बाजार में तेजी का जोरदार मोमेंटम, जानिए इंडेक्स में कमाई की रणनीति",Market trend : जियोजित इन्वेस्टमेंट्स के चीफ मार्केट स्ट्रेटेजिस्ट वीके विजयकुमार का कहना है कि बाज़ार शनिवार को होने वाली US और ईरान के बीच शांति वार्ता के नतीजों का इंतज़ार करेगा। शांति वार्ता के नतीजे ही कच्चे तेल की कीमतों का रुख तय करेंगे और यही आगे चलकर बाज़ार के रुझान को भी तय करेगा,"Market trend : पश्चिम एशिया में शांति की उम्मीदों के बीच बाजार में तेजी का जोरदार मोमेंटम देखने को मिल रहा है। निफ्टी 200 प्वाइंट से ज्यादा चढ़कर 24000 के करीब कारोबार कर रहा है। बैंक निफ्टी में करीब 950 प्वाइंट का उछाल देखने को मिल रहा है। मिडकैप और स्मॉलकैप में भी अच्छी खरीदारी आई है। वोलैटिलिटी इंडेक्स INDIA VIX करीब 5% नीचे है। TCS ने नतीजों के बाद IT शेयरों में कमजोरी देखने को मिल रही है। निफ्टी IT इंडेक्स करीब 3 फीसदी फिसला है। इंफोसिस,TCS,टेक महिंद्रा और HCL टेक निफ्टी के टॉप लूजर्स में शामिल है। एम्फैसिस,LTIMINDTREE और कोफोर्ज जैसे मिडकैप IT शेयर भी करीब 3-4 फीसदी कमजोर दिख रहे हैं। आज रियल्टी,ऑटो और NBFCs में तेज रफ्तार देखने को मिल रही है। तीनों इंडेक्स करीब दो फीसदी मजबूत दिख रहे हैं। लोढ़ा,अशोक लेलैंड और श्रीराम फाइनेंस 3-4 फीसदी चढ़े हैं। साथ ही डिफेंस,प्राइवेट और सरकारी बैंकों में भी शानदार तेजी है। जियोजित इन्वेस्टमेंट्स के चीफ मार्केट स्ट्रेटेजिस्ट वीके विजयकुमार का कहना है कि बाज़ार शनिवार को होने वाली US और ईरान के बीच शांति वार्ता के नतीजों का इंतज़ार करेगा। शांति वार्ता के नतीजे ही कच्चे तेल की कीमतों का रुख तय करेंगे और यही आगे चलकर बाज़ार के रुझान को भी तय करेगा। अगर बातचीत से तनाव कम होता है और कच्चे तेल की कीमतें नीचे आती हैं तो बाज़ार, खासकर भारत जैसे देश जो एनर्जी एक्सपोर्ट पर निर्भर हैं, फिर से पटरी पर लौट आएंगे। वहीं, अगर शांति वार्ता विफल हो जाती है और कच्चे तेल की कीमतें और ज़्यादा बढ़ जाएंगी तो हमारे बाजारों की स्थिति खराब हो जाएगी। आगे बाज़ार पर एक बड़ा दबाव FPI की बिकवाली से आएगा। ऐसा लगता है कि FPI भारत में बेचने और अपने पैसे को दक्षिण कोरिया और ताइवान जैसे दूसरे बाज़ारों में लगाने के लिए अड़े हुए हैं। इन बाजारों में 2026 में अर्निंग में बढ़ोतरी की संभावनाएं कहीं ज़्यादा बेहतर हैं। हालांकि,यह एक छोटी अवधि का नजरिया है। यह ध्यान रखना ज़रूरी है कि इस चुनौतीपूर्ण माहौल में भी,कई स्टॉक 52-हफ़्ते के हाई और अपने अब तक के सबसे ऊंचे स्तर पर पहुंच रहे हैं। निवेशक इन स्टॉक्स पर नज़र डाल सकते हैं और यह विश्लेषण कर सकते हैं कि इन स्टॉक्स की मज़बूती के पीछे क्या कारण हैं। बुनियादी तौर पर मज़बूत ग्रोथ स्टॉक्स,बाज़ार की कमज़ोर स्थितियों में भी अच्छा प्रदर्शन करेंगे। निफ्टी बैंक निफ्टी में आज क्या हो कमाई की रणनीति सीएनबीसी-आवाज के वीरेंद्र कुमार का कहना है कि निफ्टी के लिए पहला रजिस्टेंस 23921-23887/24034 पर और बड़ा रजिस्टेंस 24131-23225 पर है। इसके लिए पहला बेस 23577-23651 पर और बड़ा बेस 23489-23532 पर है। निफ्टी कल 24000 होल्ड करने में असफल रहा,शुरू में खरीदारी का ट्रेड मिला लेकिन बाद में फिसला। कल की रणनीति में जैसा कहा था वैसा हुआ,बेस-2 तोड़ा और 23721-666 जोन को टेस्ट किया। FIIs की कैश में बिकवाली हुई, इंडेक्स प्लेसमेंट में बदलाव नहीं हुआ। DIIs ने खरीदा लेकिन नेट कैश नहीं। 23900-24000 पर भारी कॉल राइटिंग, पुट राइटिंग सिर्फ 23600-500 पर रही। 24000 पार करने के लिए और थ्रस्ट चाहिए,TCS के नतीजों के बाद IT क्या करेगा काफी अहम होगा। अगर निफ्टी IT ने 32000 (50DEMA) पार किया तो रजिस्टेंस-1 पार हो सकता है। रजिस्टेंस-1 के ऊपर निफ्टी 50DEMA के लिए तैयार होगा, जो कि रजिस्टेंस-2 के टॉप पर प्लेस्ड है। रजिस्टेंस-1 पार नहीं किया तो निफ्टी नीचे आएगा और रजिस्टेंस-1 और बेस-1 के बीच में रेंज संभव है। जैसा कि पहले कहा गया है रजिस्टेंस-1 के नीचे 20DEMA की ओर जाने की संभावना बनी रहती है। वीकेंड फैक्टर,क्रूड और जियोपोलिटिकल स्थितियां सेकेंड हाफ के लिए काफी अहम होंगी। TCS stock outlook: Q4 नतीजों के बाद स्टॉक पर ब्रोकरेज का बुलिश नजरिया, फिर भी शेयर आज के टॉप लूजर्स में शामिल वीरेंद्र कुमार का कहना है कि बैंक निफ्टी के लिए पहला रजिस्टेंस 55071-55210 पर और बड़ा रजिस्टेंस 55474-55667/55834 पर है। इसके लिए पहला बेस 54489-54641 पर और बड़ा बेस 54110-54278 पर है। शुरुआत में रिवर्सल ट्रेड मिला,फिर भारी गिरावट आई। कल स्टॉक्स में भारी शॉर्ट पोजिशन जुड़े। 55000 कॉल राइटर्स/FII की अनुपस्थिति से प्राइवेट बैंकों में सुस्ती रही,फॉलोअप खरीदारी नहीं दिखी। बड़ा पुट राइटर्स/20DEMA बेस-2 पर है, फिलहाल यहां पर बैंक निफ्टी का सबसे अहम सपोर्ट है। ओपनिंग के बाद रजिस्टेंस-1 पार किया और टिका तो ऊपर की ओर रजिस्टेंस-2 भी संभव है। रजिस्टेंस-2 पर सौदों को चेक करें, रजिस्टेंस-2 (पॉलिसी डे हाई) पार नहीं हुआ तो दबाव में रिवर्स संभव है। अगर शुरू में रजिस्टेंस-1 पार करने में असफल रहा तो नीचे बेस-1/2 दिखेगा,इसी के हिसाब से ट्रेड करें। बेस-2 (20DEMA) टेस्ट करने के बाद रजिस्टेंस-2 के ऊपर ही और ज्यादा सफाई आएगी। डिस्क्लेमर: मनीकंट्रोल.कॉम पर दिए गए विचार एक्सपर्ट के अपने निजी विचार होते हैं। वेबसाइट या मैनेजमेंट इसके लिए उत्तरदाई नहीं है। यूजर्स को मनी कंट्रोल की सलाह है कि कोई भी निवेश निर्णय लेने से पहले सर्टिफाइड एक्सपर्ट की सलाह लें। हिंदी में शेयर बाजार , स्टॉक मार्केट न्यूज़ , बिजनेस न्यूज़ , पर्सनल फाइनेंस और अन्य देश से जुड़ी खबरें सबसे पहले मनीकंट्रोल हिंदी पर पढ़ें. डेली मार्केट अपडेट के लिए Moneycontrol App डाउनलोड करें।","Trade Setup for Nifty and Bank Nifty,Market Overview, Trade setup for today,market outlook,trading guide, market mantra, stock market today,stock market, share market,sensex share price, share market today, market today, share market news,nifty share price, bse/nse share price, sensex share market, ",Sudhanshu Dubey,https://hindi.moneycontrol.com/news/markets/market-trend-amidst-hopes-for-peace-in-west-asia-the-market-witnesses-strong-bullish-momentum-discover-strategies-for-profiting-from-the-indices-2390713.html,moneycontrol_hindi,hi
